,0,1,2,3,4,5,6,7,8,9,10,11,12,13,14,15,16,17,18,19,20,21,22,23,24,25,26,27,28
0,b'2022-06-26T08:19:56.231Z,2022-06-26T08:19:55.521Z,nu.web,page_view,article,6208672,functional|analytics|targeted_advertising|non-personalised_ads|personalisation|marketing|social_media|advertising_1|advertising_2|advertising_3|advertising_4|advertising_7|advertising_9|advertising_10,Harkema,NL,FR,Friesland,Europe/Amsterdam,9281,https://www.nu.nl/,Epstein-handlanger Ghislaine Maxwell onder zelfmoordtoezicht geplaatst in cel | NU - Het laatste nieuws het eerst op NU.nl,www.nu.nl,/buitenland/6208672/epstein-handlanger-ghislaine-maxwell-onder-zelfmoordtoezicht-geplaatst-in-cel.html,web,internal,"""""",www.nu.nl,null,ae02830b1efc8ed33b434fba83e7cb1e,"""""","""""",1ea36e0e8841c3ca53b94513ba88ceaf,2af6861051f3e9a9fd940de56d10668d\n',,
1,b'2022-06-26T12:45:04.090Z,2022-06-26T12:45:03.577Z,nu.web,page_view,article,6208684,functional|analytics|targeted_advertising|non-personalised_ads|personalisation|marketing|social_media|advertising_1|advertising_2|advertising_3|advertising_4|advertising_7|advertising_9|advertising_10,Rotterdam,NL,ZH,South Holland,Europe/Amsterdam,3012,https://t.co/,Zeker zeventien doden bij \'bizar incident\' in Zuid-Afrikaanse kroeg | NU - Het laatste nieuws het eerst op NU.nl,www.nu.nl,/buitenland/6208684/zeker-zeventien-doden-bij-bizar-incident-in-zuid-afrikaanse-kroeg.html,web,social,Twitter,t.co,null,d9aecc139f4e347444acb4f0866d788d,"""""","""""",ceeb1e2c3ac2906766369cd6e8ae4aa9,44d87a9f99a4b481e097e33487896927\n',,
2,b'2022-06-26T08:20:01.175Z,2022-06-26T08:20:01.124Z,nu.web,page_view,article,6208671,functional|analytics|targeted_advertising|non-personalised_ads|personalisation|marketing|social_media|advertising_1|advertising_2|advertising_3|advertising_4|advertising_7|advertising_9|advertising_10,Amsterdam,NL,NH,North Holland,Europe/Amsterdam,1019,https://www.nu.nl/,Zeer zeldzame bevroren babymammoet ontdekt in Canada | Wetenschap | NU.nl,www.nu.nl,/wetenschap/6208671/zeer-zeldzame-bevroren-babymammoet-ontdekt-in-canada.html,web,internal,"""""",www.nu.nl,"""""",090c5307c727ea41be8da3014b1e0455,"""""","""""",1b6ec0d295b467519216d4163770f357,7a7c83d618899d94a1a7abb914a65ce2\n',,
3,b'2022-06-26T14:50:17.734Z,2022-06-26T14:50:17.497Z,nu.web,page_view,article,6208677,functional|analytics|targeted_advertising|non-personalised_ads|personalisation|marketing|social_media|advertising_1|advertising_2|advertising_3|advertising_4|advertising_7|advertising_9|advertising_10,Bern,CH,BE,Bern,Europe/Zurich,3001,https://www.nu.nl/buitenland,"""Kyiv onder vuur genomen met kruisraketten"," zeker zes gewonden en een dode | NU - Het laatste nieuws het eerst op NU.nl""",www.nu.nl,/spanningen-oekraine/6208677/kyiv-onder-vuur-genomen-met-kruisraketten-zeker-zes-gewonden-en-een-dode.html,web,internal,"""""",www.nu.nl,null,e7c3600a73792a6a27d420d8b4937604,"""""","""""",6d60f835e0a934851d02a651c926be25,002685cfc924bdf8e803d3dfbf373281\n',
4,b'2022-06-26T09:13:44.638Z,2022-06-26T09:13:44.493Z,nu.web,page_view,article,6208684,functional|analytics|targeted_advertising|non-personalised_ads|personalisation|marketing|social_media|advertising_1|advertising_2|advertising_3|advertising_4|advertising_7|advertising_9|advertising_10,Rotterdam,NL,ZH,South Holland,Europe/Amsterdam,3033,https://www.nu.nl/,Zeker zeventien doden bij \'bizar incident\' in Zuid-Afrikaanse kroeg | NU - Het laatste nieuws het eerst op NU.nl,www.nu.nl,/buitenland/6208684/zeker-zeventien-doden-bij-bizar-incident-in-zuid-afrikaanse-kroeg.html,web,internal,"""""",www.nu.nl,null,null,"""""","""""",ed5ed8e5c11aa6dd17cf0cdf72d78ab6,e8a05b2fa4fbdf4299534011e943ecb3\n',,
5,b'2022-06-26T18:09:38.212Z,2022-06-26T18:09:36.802Z,nu.web,page_view,article,6208676,functional|analytics|targeted_advertising|non-personalised_ads|personalisation|marketing|social_media|advertising_1|advertising_2|advertising_3|advertising_4|advertising_7|advertising_9|advertising_10,Urk,NL,FL,Flevoland,Europe/Amsterdam,8321,"""""",Prinses Alexia viert zeventiende verjaardag,www.nu.nl,/components/comments/article/6208676,web,"""""","""""","""""",null,85fc5bfd6423e2067b39d1419e17af36,"""""","""""",1ad5f82fb2a4ffe60ea481f6307a4bbc,934fa183e88d0ba0370eae253f485654\n',,
6,b'2022-06-26T08:19:57.817Z,2022-06-26T08:19:56.346Z,nu.web,page_view,article,6208671,functional|analytics|targeted_advertising|non-personalised_ads|personalisation|marketing|social_media|advertising_1|advertising_2|advertising_3|advertising_4|advertising_7|advertising_9|advertising_10,Amsterdam,NL,NH,North Holland,Europe/Amsterdam,1052,"""""",Zeer zeldzame bevroren babymammoet ontdekt in Canada | Wetenschap | NU.nl,www.nu.nl,/wetenschap/6208671/zeer-zeldzame-bevroren-babymammoet-ontdekt-in-canada.html,web,"""""","""""","""""","""""",90a8b2c5d47afe9c489e1e2562280e73,"""""","""""",8a7a32974506105e03eee94e35deee26,430910867d680d1691a709502949e3f9\n',,
7,b'2022-06-26T12:50:13.787Z,2022-06-26T12:50:14.126Z,nu.web,page_view,article,6208678,functional|analytics|targeted_advertising|non-personalised_ads|personalisation|marketing|social_media|advertising_1|advertising_2|advertising_3|advertising_4|advertising_7|advertising_9|advertising_10,Sneek,NL,FR,Friesland,Europe/Amsterdam,8605,https://news.google.com/,"""VK", VS," Japan en Canada kondigen importverbod aan op Russisch goud | NU - Het laatste nieuws het eerst op NU.nl""",www.nu.nl,/economie/6208678/vk-vs-japan-en-canada-kondigen-importverbod-aan-op-russisch-goud.html,web,search,Google News,news.google.com,null,36ea001ba3c203053c9aa396173e0ccb,"""""","""""",bc0889de2411c2a08a44c064838cdaeb,4b21431b073bb1bc3a3a0b1c4c5491ca\n'
8,b'2022-06-26T11:45:10.361Z,2022-06-26T11:45:10.340Z,nu.web,page_view,article,6208677,functional|analytics|targeted_advertising|non-personalised_ads|personalisation|marketing|social_media|advertising_1|advertising_2|advertising_3|advertising_4|advertising_7|advertising_9|advertising_10,Utrecht,NL,UT,Utrecht,Europe/Amsterdam,3555,https://www.nu.nl/,"""Kyiv onder vuur genomen met kruisraketten"," zeker vijf gewonden | NU - Het laatste nieuws het eerst op NU.nl""",www.nu.nl,/spanningen-oekraine/6208677/kyiv-onder-vuur-genomen-met-kruisraketten-zeker-vijf-gewonden.html,web,internal,"""""",www.nu.nl,null,null,"""""","""""",0c4812b6753796efc2093904077448c8,c323644cb03efcb3ddf211e4db90daaf\n',
9,b'2022-06-26T01:14:52.099Z,2022-06-26T01:14:51.999Z,nu.web,page_view,article,6208623,functional|analytics|targeted_advertising|non-personalised_ads|personalisation|marketing|social_media|advertising_1|advertising_2|advertising_3|advertising_4|advertising_7|advertising_9|advertising_10,Geilenkirchen,DE,NW,North Rhine-Westphalia,Europe/Berlin,52511,https://www.nu.nl/,Op non-actief gezette Limburgse pastoor keert niet terug na nieuwe meldingen | NU - Het laatste nieuws het eerst op NU.nl,www.nu.nl,/binnenland/6208623/op-non-actief-gezette-limburgse-pastoor-keert-niet-terug-na-nieuwe-meldingen.html,web,internal,"""""",www.nu.nl,null,2ea0d0a68ce0552cb04475ebd10b6a2c,"""""","""""",804adb602f0dfc098a822a765817ca79,d6c1f3ea1e9e8f9ae4a6c24283b2c3a7\n',,
10,b'2022-06-26T08:49:32.183Z,2022-06-26T08:49:33.411Z,nu.web,page_view,article,6208676,functional|analytics|targeted_advertising|non-personalised_ads|personalisation|marketing|social_media|advertising_1|advertising_2|advertising_3|advertising_4|advertising_7|advertising_9|advertising_10,Bedum,NL,GR,Groningen,Europe/Amsterdam,9781,https://www.nu.nl/,Prinses Alexia viert zeventiende verjaardag | NU - Het laatste nieuws het eerst op NU.nl,www.nu.nl,/koningshuis/6208676/prinses-alexia-viert-zeventiende-verjaardag.html,web,internal,"""""",www.nu.nl,null,b7fcf097a8cd6f354ff66956b944d698,"""""","""""",993fc8693ff63b6d7dec96f1a1aa5052,5b13614244506560f3888598abba9536\n',,
11,b'2022-06-26T11:44:53.372Z,2022-06-26T11:44:53.338Z,nu.web,page_view,article,6208490,functional|analytics|targeted_advertising|non-personalised_ads|personalisation|marketing|social_media|advertising_1|advertising_2|advertising_3|advertising_4|advertising_7|advertising_9|advertising_10,The Hague,NL,ZH,South Holland,Europe/Amsterdam,2513,https://www.nu.nl/,Waarschijnlijk krijgen meeste mensen op fraudelijst van fiscus geen compensatie | NU - Het laatste nieuws het eerst op NU.nl,www.nu.nl,/politiek/6208490/waarschijnlijk-krijgen-meeste-mensen-op-fraudelijst-van-fiscus-geen-compensatie.html,web,internal,"""""",www.nu.nl,null,null,"""""","""""",51a418dd581a9ec36fc2dd648853b1d9,3f472e9ff2cb99718a247dd69ab2e96c\n',,
12,b'2022-06-26T08:19:57.777Z,2022-06-26T08:19:57.695Z,nu.web,page_view,article,6207115,functional|analytics|targeted_advertising|non-personalised_ads|personalisation|marketing|social_media|advertising_1|advertising_2|advertising_3|advertising_4|advertising_7|advertising_9|advertising_10,The Hague,NL,ZH,South Holland,Europe/Amsterdam,2513,android-app://com.google.android.googlequicksearchbox/,Fouten ontdekt in energienota\'s bij teruglevering zonnepanelen | NU - Het laatste nieuws het eerst op NU.nl,www.nu.nl,/wonen/6207115/fouten-ontdekt-in-energienotas-bij-teruglevering-zonnepanelen.html,web,unknown,"""""",com.google.android.googlequicksearchbox,null,723ba42d9ce07487ab76bb33ce10253a,"""""","""""",fe2671c5a8fc523bbf9bb38ba4102c45,08f71031398dc4d2a0765867830c8f4f\n',,
13,b'2022-06-26T11:44:45.409Z,2022-06-26T11:44:48.313Z,nu.web,page_view,article,5948292,functional|analytics|targeted_advertising|non-personalised_ads|personalisation|marketing|social_media|advertising_1|advertising_2|advertising_3|advertising_4|advertising_7|advertising_9|advertising_10,Dobbs Ferry,US,NY,New York,America/New_York,10522,https://www.nu.nl/dieren/6208675/chinese-gekuifde-naakthond-happy-face-uitgeroepen-tot-lelijkste-hond-ter-wereld.html,Kleine hond met dreadlocks uitgeroepen tot lelijkste hond ter wereld | Dieren | NU.nl,www.nu.nl,/dieren/5948292/kleine-hond-met-dreadlocks-uitgeroepen-tot-lelijkste-hond-ter-wereld.html,web,internal,"""""",www.nu.nl,"""""",7b41985127b263e21283ccc54f367bff,"""""","""""",6b140ff9d1ef473f6cf773e08e593b6e,0224472950dd7110b5426f38895eef28\n',,
14,b'2022-06-26T18:09:34.189Z,2022-06-26T18:09:33.241Z,nu.web,page_view,article,6208724,functional|analytics|targeted_advertising|non-personalised_ads|personalisation|marketing|social_media|advertising_1|advertising_2|advertising_3|advertising_4|advertising_7|advertising_9|advertising_10,Delft,NL,ZH,South Holland,Europe/Amsterdam,2613,https://www.nu.nl/,Iran lanceert omstreden raket terwijl nucleair overleg binnenkort wordt hervat | NU - Het laatste nieuws het eerst op NU.nl,www.nu.nl,/buitenland/6208724/iran-lanceert-omstreden-raket-terwijl-nucleair-overleg-binnenkort-wordt-hervat.html,web,internal,"""""",www.nu.nl,null,be2364c91a60597fb57d9368e6eb5f47,"""""","""""",913f719013c996e2d314e34066e9bb44,03598fc78e0aa8b5cf92c5bb00598b87\n',,
15,b'2022-06-26T14:49:05.824Z,2022-06-26T14:49:05.708Z,nu.web,page_view,article,6208703,functional|analytics|targeted_advertising|non-personalised_ads|personalisation|marketing|social_media|advertising_1|advertising_2|advertising_3|advertising_4|advertising_7|advertising_9|advertising_10,Oosterhout,NL,GE,Gelderland,Europe/Amsterdam,6678,https://www.nu.nl/,U2-zanger Bono ontdekte pas na tientallen jaren dat hij een halfbroer heeft | NU - Het laatste nieuws het eerst op NU.nl,www.nu.nl,/achterklap/6208703/u2-zanger-bono-ontdekte-pas-na-tientallen-jaren-dat-hij-een-halfbroer-heeft.html,web,internal,"""""",www.nu.nl,null,8c03bd21c1e87163871154be955e64fb,"""""","""""",65d59324e442f8b4358fc501afa238a6,fbb3bba0cf6e501e62277c2047fa95e3\n',,
16,b'2022-06-26T18:09:34.128Z,2022-06-26T18:09:34.015Z,nu.web,page_view,article,6208709,functional|analytics|targeted_advertising|non-personalised_ads|personalisation|marketing|social_media|advertising_1|advertising_2|advertising_3|advertising_4|advertising_7|advertising_9|advertising_10,Leidschendam,NL,ZH,South Holland,Europe/Amsterdam,2264,https://www.nu.nl/,Nederlanders gewond door val met gemotoriseerde driewieler in afgrond Itali\xc3\xab | NU - Het laatste nieuws het eerst op NU.nl,www.nu.nl,/buitenland/6208709/nederlanders-gewond-door-val-met-gemotoriseerde-driewieler-in-afgrond-italie.html,web,internal,"""""",www.nu.nl,null,null,"""""","""""",61dad8ea61174b3f0b1c5a799a266732,b72469e94ddf8be39ce7250d3c85a4b3\n',,
17,b'2022-06-26T18:09:33.068Z,2022-06-26T18:09:32.213Z,nu.web,page_view,article,6208718,functional|analytics|targeted_advertising|non-personalised_ads|personalisation|marketing|social_media|advertising_1|advertising_2|advertising_3|advertising_4|advertising_7|advertising_9|advertising_10,Deventer,NL,OV,Overijssel,Europe/Amsterdam,7413,https://www.nu.nl/,"""Merlier sprint naar tweede Belgische titel"," ook zege voor imponerende Cavendish | NU - Het laatste nieuws het eerst op NU.nl""",www.nu.nl,/wielrennen/6208718/merlier-sprint-naar-tweede-belgische-titel-ook-zege-voor-imponerende-cavendish.html,web,internal,"""""",www.nu.nl,null,e6ef7a9215ce0ffff5646dd5cebca0e4,"""""","""""",743b07f0a5f6ac62f788e74f96de1510,40bded3926c1ee4e6f53a5111d683601\n',
18,b'2022-06-26T11:44:40.746Z,2022-06-26T11:44:42.325Z,nu.web,page_view,article,6208703,functional|analytics|targeted_advertising|non-personalised_ads|personalisation|marketing|social_media|advertising_1|advertising_2|advertising_3|advertising_4|advertising_7|advertising_9|advertising_10,Utrecht,NL,UT,Utrecht,Europe/Amsterdam,3563,https://www.nu.nl/net-binnen,U2-zanger Bono heeft een halfbroer waar hij tientallen jaren niet van wist | NU - Het laatste nieuws het eerst op NU.nl,www.nu.nl,/achterklap/6208703/u2-zanger-bono-heeft-een-halfbroer-waar-hij-tientallen-jaren-niet-van-wist.html,web,internal,"""""",www.nu.nl,null,829278e269f9f85a02c8304193e92d01,"""""","""""",b2e3936adb81065fc2d4f1cf57d470cc,bd5bd67c8ec04597ab06d7c16e159f74\n',,
19,b'2022-06-26T18:09:36.218Z,2022-06-26T18:09:36.536Z,nu.web,page_view,article,6208703,functional|analytics|targeted_advertising|non-personalised_ads|personalisation|marketing|social_media|advertising_1|advertising_2|advertising_3|advertising_4|advertising_7|advertising_9|advertising_10,Hengelo,NL,OV,Overijssel,Europe/Amsterdam,7558,https://www.google.com/,U2-zanger Bono ontdekte pas na tientallen jaren dat hij een halfbroer heeft | NU - Het laatste nieuws het eerst op NU.nl,www.nu.nl,/achterklap/6208703/u2-zanger-bono-ontdekte-pas-na-tientallen-jaren-dat-hij-een-halfbroer-heeft.html,web,search,Google,www.google.com,null,d1e03908cf2f005a55a0b23bef9f922b,"""""","""""",c82c3742991985d34e091231f8b880ab,60f83a7b13729a21bbd706ed3a86510e\n',,
20,b'2022-06-26T18:09:16.597Z,2022-06-26T18:09:16.462Z,nu.web,page_view,article,6208314,functional|analytics|targeted_advertising|non-personalised_ads|personalisation|marketing|social_media|advertising_1|advertising_2|advertising_3|advertising_4|advertising_7|advertising_9|advertising_10,Sint-Andries,BE,VWV,West Flanders Province,Europe/Brussels,8200,https://lm.facebook.com/,Grootste bacterie ooit ontdekt: \'Als een mens ter grootte van Mount Everest\' | Wetenschap | NU.nl,www.nu.nl,/wetenschap/6208314/grootste-bacterie-ooit-ontdekt-als-een-mens-ter-grootte-van-mount-everest.html,web,social,Facebook,lm.facebook.com,"""""",a252b3f19daf09963f19c84a7db22a16,"""""","""""",7299da0aae65c28bd53c523dff21d3dd,6dd217741e22218876be6ba920d46fa2\n',,
21,b'2022-06-26T01:15:16.889Z,2022-06-26T01:15:16.345Z,nu.web,page_view,article,6208661,functional|analytics|targeted_advertising|non-personalised_ads|personalisation|marketing|social_media|advertising_1|advertising_2|advertising_3|advertising_4|advertising_7|advertising_9|advertising_10,Voorburg,NL,ZH,South Holland,Europe/Amsterdam,2274,https://www.nu.nl/binnenland/6208663/dode-en-zes-gewonden-door-ongeluk-op-de-a58-bij-chaam.html,Apenpokken volgens WHO nu geen \'noodsituatie van internationaal belang\' | NU - Het laatste nieuws het eerst op NU.nl,www.nu.nl,/buitenland/6208661/apenpokken-volgens-who-nu-geen-noodsituatie-van-internationaal-belang.html,web,internal,"""""",www.nu.nl,null,7d24790ddddb4151e5fbbaee6ace412b,"""""","""""",8c13cc4a28ecc9c95f94ecfa60142383,cd8380642bc69600041ca1693fcd0d12\n',,
22,b'2022-06-26T08:49:31.766Z,2022-06-26T08:49:31.233Z,nu.web,page_view,article,6208657,functional|analytics|targeted_advertising|non-personalised_ads|personalisation|marketing|social_media|advertising_1|advertising_2|advertising_3|advertising_4|advertising_7|advertising_9|advertising_10,Hoogkarspel,NL,NH,North Holland,Europe/Amsterdam,1616,https://www.google.com/,Van Duijvenbode hard onderuit tegen Van den Bergh in finale Dutch Darts Masters | NU - Het laatste nieuws het eerst op NU.nl,www.nu.nl,/darts/6208657/van-duijvenbode-hard-onderuit-tegen-van-den-bergh-in-finale-dutch-darts-masters.html,web,search,Google,www.google.com,null,d88d81a576470bfb56346a7e8c6d490d,"""""","""""",cad5fba5fd7efd84721d8a95a529de77,389f751bef62c5058e6fa521b5ea375b\n',,
23,b'2022-06-26T05:29:13.883Z,2022-06-26T05:29:15.319Z,nu.web,page_view,article,6208666,functional|analytics|targeted_advertising|non-personalised_ads|personalisation|marketing|social_media|advertising_1|advertising_2|advertising_3|advertising_4|advertising_7|advertising_9|advertising_10,Grootebroek,NL,NH,North Holland,Europe/Amsterdam,1613,https://www.nu.nl/,Russen: evacuatie Severodonetsk gestopt vanwege Oekra\xc3\xafense beschietingen | NU - Het laatste nieuws het eerst op NU.nl,www.nu.nl,/spanningen-oekraine/6208666/russen-evacuatie-severodonetsk-gestopt-vanwege-oekraiense-beschietingen.html,web,internal,"""""",www.nu.nl,null,22c1f24633d4e07f9a3a7d49678b9a40,"""""","""""",6a19cf6a2533d3c8e5b7266434300091,70364696abbbba369f756e2b37e3f81e\n',,
24,b'2022-06-26T08:49:32.023Z,2022-06-26T08:49:35.735Z,nu.web,page_view,article,6208687,functional|analytics|targeted_advertising|non-personalised_ads|personalisation|marketing|social_media|advertising_1|advertising_2|advertising_3|advertising_4|advertising_7|advertising_9|advertising_10,Dunakeszi,HU,PE,Pest megye,Europe/Budapest,2120,https://www.nu.nl/,Bol ziet concurrent McLaughlin wereldrecord 400 meter horden aanscherpen | NU - Het laatste nieuws het eerst op NU.nl,www.nu.nl,/sport-overig/6208687/bol-ziet-concurrent-mclaughlin-wereldrecord-400-meter-horden-aanscherpen.html,web,internal,"""""",www.nu.nl,null,29bc41f698e6a159763cf0f7a3e4a3c2,"""""","""""",14fb8d8767a345a1a10f6e0b9ea1ed1f,aaf81dfed2b53a5ff8b641fcda3cbbb1\n',,
25,b'2022-06-26T11:45:06.645Z,2022-06-26T11:45:06.398Z,nu.web,page_view,article,6208559,functional|analytics|targeted_advertising|non-personalised_ads|personalisation|marketing|social_media|advertising_1|advertising_2|advertising_3|advertising_4|advertising_7|advertising_9|advertising_10,Haarlem,NL,NH,North Holland,Europe/Amsterdam,2023,https://www.google.com,Politie signaleert honderden \'verdachte transacties\' rondom vakantieparken | NU - Het laatste nieuws het eerst op NU.nl,www.nu.nl,/economie/6208559/politie-signaleert-honderden-verdachte-transacties-rondom-vakantieparken.html,web,search,Google,www.google.com,null,null,"""""","""""",699442d37e6e995b6690a208a86814cd,4110f4eabf0114e650508af489a77320\n',,
26,b'2022-06-26T14:59:57.741Z,2022-06-26T14:59:56.965Z,nu.web,page_view,article,6208677,functional|analytics|targeted_advertising|non-personalised_ads|personalisation|marketing|social_media|advertising_1|advertising_2|advertising_3|advertising_4|advertising_7|advertising_9|advertising_10,Alphen aan den Rijn,NL,ZH,South Holland,Europe/Amsterdam,2405,http://m.facebook.com/,Kyiv onder vuur genomen met kruisraketten: \xc3\xa9\xc3\xa9n dode en zeker zes gewonden | NU - Het laatste nieuws het eerst op NU.nl,www.nu.nl,/spanningen-oekraine/6208677/kyiv-onder-vuur-genomen-met-kruisraketten-een-dode-en-zeker-zes-gewonden.html,web,social,Facebook,m.facebook.com,null,null,"""""","""""",23a22d03bd65e459eac32b1610d760c0,a371c2295105cb11c9ddcadfe828621f\n',,
27,b'2022-06-26T14:50:17.014Z,2022-06-26T14:50:16.948Z,nu.web,page_view,article,6208678,functional|analytics|targeted_advertising|non-personalised_ads|personalisation|marketing|social_media|advertising_1|advertising_2|advertising_3|advertising_4|advertising_7|advertising_9|advertising_10,Alkmaar,NL,NH,North Holland,Europe/Amsterdam,1811,https://www.nu.nl/,"""VK", VS," Japan en Canada kondigen importverbod aan op Russisch goud | NU - Het laatste nieuws het eerst op NU.nl""",www.nu.nl,/economie/6208678/vk-vs-japan-en-canada-kondigen-importverbod-aan-op-russisch-goud.html,web,internal,"""""",www.nu.nl,null,null,"""""","""""",84376916c42777903fb22499c4b129fc,254cd6ab5f1bbcca9ba7339e74be88e9\n'
28,b'2022-06-26T09:13:46.105Z,2022-06-26T09:13:45.884Z,nu.web,page_view,article,6208677,functional|analytics|targeted_advertising|non-personalised_ads|personalisation|marketing|social_media|advertising_1|advertising_2|advertising_3|advertising_4|advertising_7|advertising_9|advertising_10,Eindhoven,NL,NB,North Brabant,Europe/Amsterdam,5646,https://www.nu.nl/,Kyiv en andere Oekra\xc3\xafense plaatsen getroffen door kruisraketten | NU - Het laatste nieuws het eerst op NU.nl,www.nu.nl,/spanningen-oekraine/6208677/kyiv-en-andere-oekraiense-plaatsen-getroffen-door-kruisraketten.html,web,internal,"""""",www.nu.nl,null,a030664fe6cf6b6e2eb438eeb6bafe1b,"""""","""""",26c76ceef2a4fd90b55181106f624e1e,7efa4e9e42b039bc820b92cac3c64aab\n',,
29,b'2022-06-26T15:00:01.167Z,2022-06-26T14:59:58.617Z,nu.web,page_view,article,6208665,functional|analytics|targeted_advertising|non-personalised_ads|personalisation|marketing|social_media|advertising_1|advertising_2|advertising_3|advertising_4|advertising_7|advertising_9|advertising_10,Zwolle,NL,OV,Overijssel,Europe/Amsterdam,8023,https://www.google.com/,"""Weerbericht: Veel regen"," in het westen blijft het droog | NU - Het laatste nieuws het eerst op NU.nl""",www.nu.nl,/binnenland/6208665/weerbericht-veel-regen-in-het-westen-blijft-het-droog.html,web,search,Google,www.google.com,null,3544a8d8341ac75383286710eba58b10,"""""","""""",8a9794e3f20ba5f0d93de8d527e7ea41,9cd01bf67aa9a379fdf865a9b59304b8\n',
30,b'2022-06-26T18:09:39.973Z,2022-06-26T18:09:38.418Z,nu.web,page_view,article,6208459,functional|analytics|targeted_advertising|non-personalised_ads|personalisation|marketing|social_media|advertising_1|advertising_2|advertising_3|advertising_4|advertising_7|advertising_9|advertising_10,Rotterdam,NL,ZH,South Holland,Europe/Amsterdam,3075,https://lm.facebook.com/,"""Yvonne Coldeweijer eist rectificatie van BNR"," anders dient ze een klacht in | NU - Het laatste nieuws het eerst op NU.nl""",www.nu.nl,/media/6208459/yvonne-coldeweijer-eist-rectificatie-van-bnr-anders-dient-ze-een-klacht-in.html,web,social,Facebook,lm.facebook.com,null,a93060f7ad60ae655f5e96a4e8742d6b,"""""","""""",3709158e77c34444eec5d2a7687e3ef2,489f8a31099a53084e2e1343ce7d6b24\n',
31,b'2022-06-26T08:49:06.021Z,2022-06-26T08:49:05.155Z,nu.web,page_view,article,6208675,functional|analytics|targeted_advertising|non-personalised_ads|personalisation|marketing|social_media|advertising_1|advertising_2|advertising_3|advertising_4|advertising_7|advertising_9|advertising_10,Dubai,AE,DU,Dubai,Asia/Dubai,"""""",https://www.nu.nl/login/callback?state=eyJvcmlnaW5hbFVybCI6Imh0dHBzOi8vd3d3Lm51Lm5sL2RpZXJlbi82MjA4Njc1L2NoaW5lc2UtZ2VrdWlmZGUtbmFha3Rob25kLWhhcHB5LWZhY2UtdWl0Z2Vyb2VwZW4tdG90LWxlbGlqa3N0ZS1ob25kLXRlci13ZXJlbGQuaHRtbD9yZWRpcmVjdD0xIn0%3D&code=_Y7C6c9Pw6a5k1ON7KysVn-2X6QTkyGcQUxOA2Apqtk,Chinese gekuifde naakthond Happy Face uitgeroepen tot lelijkste hond ter wereld | Dieren | NU.nl,www.nu.nl,/dieren/6208675/chinese-gekuifde-naakthond-happy-face-uitgeroepen-tot-lelijkste-hond-ter-wereld.html,web,internal,"""""",www.nu.nl,"""""",06388102312818e29faba6cd395d0870,"""""","""""",8d4dfc14c578a07d130767e21774c503,1f75143b18440ce8550c93b9609d497c\n',,
32,b'2022-06-26T18:09:34.008Z,2022-06-26T18:09:33.926Z,nu.web,page_view,article,6208746,functional|analytics|targeted_advertising|non-personalised_ads|personalisation|marketing|social_media|advertising_1|advertising_2|advertising_3|advertising_4|advertising_7|advertising_9|advertising_10,Amsterdam,NL,NH,North Holland,Europe/Amsterdam,1076,https://www.nu.nl/,\'Weggestuurde\' Babette van Veen keert alweer terug in GTST | NU - Het laatste nieuws het eerst op NU.nl,www.nu.nl,/film/6208746/weggestuurde-babette-van-veen-keert-alweer-terug-in-gtst.html,web,internal,"""""",www.nu.nl,null,299e2c0c57ba77a9b56c81cc0b3c46e5,"""""","""""",a79bfa2aa4bd61c7094dfb4972fa049b,44784c0682eff2ddd538f3c83efb2578\n',,
33,b'2022-06-26T18:09:15.883Z,2022-06-26T18:09:16.225Z,nu.web,page_view,article,6208222,functional|analytics|targeted_advertising|non-personalised_ads|personalisation|marketing|social_media|advertising_1|advertising_2|advertising_3|advertising_4|advertising_7|advertising_9|advertising_10,Eindhoven,NL,NB,North Brabant,Europe/Amsterdam,5611,https://www.nu.nl/,"""Tijdlijn gaswinning Groningen: Geheime stukken"," keiharde rapporten en veel zorgen | NU - Het laatste nieuws het eerst op NU.nl""",www.nu.nl,/politiek/6208222/tijdlijn-gaswinning-groningen-geheime-stukken-keiharde-rapporten-en-veel-zorgen.html,web,internal,"""""",www.nu.nl,null,5b77ae1007535b2a7c91d9f4f3ab8dd5,"""""","""""",193d5c16079fc4f2a2c8f9d629c68cd2,21ab3e830e34e7424c0baaeb43701d0f\n',
34,b'2022-06-26T08:49:31.552Z,2022-06-26T08:49:31.178Z,nu.web,page_view,article,6208676,functional|analytics|personalisation,Izmir,TR,35,Izmir,Europe/Istanbul,35330,https://www.nu.nl/net-binnen,Prinses Alexia viert zeventiende verjaardag | NU - Het laatste nieuws het eerst op NU.nl,www.nu.nl,/koningshuis/6208676/prinses-alexia-viert-zeventiende-verjaardag.html,web,internal,"""""",www.nu.nl,null,null,"""""","""""",c604d9f30902c519f35b3d63825fa959,6f2b02c640b098cc88c8e406e156dcf4\n',,
35,b'2022-06-26T14:50:24.512Z,2022-06-26T14:50:23.475Z,nu.web,page_view,article,6208227,functional|analytics|targeted_advertising|non-personalised_ads|personalisation|marketing|social_media|advertising_1|advertising_2|advertising_3|advertising_4|advertising_7|advertising_9|advertising_10,Utrecht,NL,UT,Utrecht,Europe/Amsterdam,3555,https://lm.facebook.com/,Vlees vergeten uit de vriezer te halen? Met deze hacks ontdooi je het alsnog snel | Eten en drinken | NU.nl,www.nu.nl,/eten-en-drinken/6208227/vlees-vergeten-uit-de-vriezer-te-halen-met-deze-hacks-ontdooi-je-het-alsnog-snel.html,web,social,Facebook,lm.facebook.com,"""""",5a8e4e85d4859950e017e3a4d74414e6,"""""","""""",e4b64ea6809d802605e9b006a10bbdbf,bdbd6ed87f72767863a29d56940013a6\n',,
36,b'2022-06-26T08:19:53.568Z,2022-06-26T08:19:53.530Z,nu.web,page_view,article,6208678,functional|analytics|targeted_advertising|non-personalised_ads|personalisation|marketing|social_media|advertising_1|advertising_2|advertising_3|advertising_4|advertising_7|advertising_9|advertising_10,Amsterdam,NL,NH,North Holland,Europe/Amsterdam,1015,https://www.nu.nl/,"""VK", VS," Japan en Canada kondigen importverbod aan op Russisch goud | NU - Het laatste nieuws het eerst op NU.nl""",www.nu.nl,/economie/6208678/vk-vs-japan-en-canada-kondigen-importverbod-aan-op-russisch-goud.html,web,internal,"""""",www.nu.nl,null,a15e44b33ca6c4325a97ee2a19fa5d22,"""""","""""",7fad107852e0eedfdad0c1b0dc8d5691,fc666b254cd3cb3b72966ba1449e610a\n'
37,b'2022-06-26T09:13:48.056Z,2022-06-26T09:13:47.694Z,nu.web,page_view,article,6208684,functional|analytics|targeted_advertising|non-personalised_ads|personalisation|marketing|social_media|advertising_1|advertising_2|advertising_3|advertising_4|advertising_7|advertising_9|advertising_10,Amsterdam,NL,NH,North Holland,Europe/Amsterdam,1025,http://m.facebook.com/,Zeker zeventien doden bij \'bizar incident\' in Zuid-Afrikaanse kroeg | NU - Het laatste nieuws het eerst op NU.nl,www.nu.nl,/buitenland/6208684/zeker-zeventien-doden-bij-bizar-incident-in-zuid-afrikaanse-kroeg.html,web,social,Facebook,m.facebook.com,null,e86db4b98c511740ce0361155552d81d,"""""","""""",a623c6a86b584a4cb6e0429d79ba2bb9,c7fd64f7bd72aa03f6963348ff66035b\n',,
38,b'2022-06-26T08:19:54.713Z,2022-06-26T08:19:54.690Z,nu.web,page_view,article,6208659,functional|analytics|targeted_advertising|non-personalised_ads|personalisation|marketing|social_media|advertising_1|advertising_2|advertising_3|advertising_4|advertising_7|advertising_9|advertising_10,Haarlem,NL,NH,North Holland,Europe/Amsterdam,2012,https://www.nu.nl/,Verenigde Staten roepen Rusland op om basketbalster Griner vrij te laten | NU - Het laatste nieuws het eerst op NU.nl,www.nu.nl,/sport-overig/6208659/verenigde-staten-roepen-rusland-op-om-basketbalster-griner-vrij-te-laten.html,web,internal,"""""",www.nu.nl,null,null,"""""","""""",fa028e3e786988bf3c94d53a1af3342e,697fccda9a9b13c3963c3827ee3e34d7\n',,
39,b'2022-06-26T11:26:19.415Z,2022-06-26T11:26:21.873Z,nu.web,page_view,article,6208665,functional|analytics|targeted_advertising|non-personalised_ads|personalisation|marketing|social_media|advertising_1|advertising_2|advertising_3|advertising_4|advertising_7|advertising_9|advertising_10,Asten,NL,NB,North Brabant,Europe/Amsterdam,5721,"""""","""Weerbericht: Veel regen"," in het westen blijft het droog | NU - Het laatste nieuws het eerst op NU.nl""",www.nu.nl,/binnenland/6208665/weerbericht-veel-regen-in-het-westen-blijft-het-droog.html,web,"""""","""""","""""",null,a1475db0f5ebe58de28052e7d59bda50,"""""","""""",912a66b148102e4692359e0f0ff2521d,1e9790811b908a43b126275a55ba3873\n',
40,b'2022-06-26T18:09:13.265Z,2022-06-26T18:01:30.514Z,nu.web,page_view,article,6208481,functional|analytics|targeted_advertising|non-personalised_ads|personalisation|marketing|social_media|advertising_1|advertising_2|advertising_3|advertising_4|advertising_7|advertising_9|advertising_10,Eindhoven,NL,NB,North Brabant,Europe/Amsterdam,5644,https://www.google.com/,Dit zijn de beste midrange laptops | NU - Het laatste nieuws het eerst op NU.nl,www.nu.nl,/tech/6208481/dit-zijn-de-beste-midrange-laptops.html,web,search,Google,www.google.com,null,fc6dfb0903a5607b5545fc1e0262f29c,"""""","""""",531dc6dcc4b287968df87d9f9ae98a55,95b9e679deeb6ca3d6af9e2813ceacba\n',,
41,b'2022-06-26T11:44:46.838Z,2022-06-26T11:44:45.866Z,nu.web,page_view,article,6208704,functional|analytics|targeted_advertising|non-personalised_ads|personalisation|marketing|social_media|advertising_1|advertising_2|advertising_3|advertising_4|advertising_7|advertising_9|advertising_10,Zandvoort,NL,NH,North Holland,Europe/Amsterdam,2042,https://www.nu.nl/,Gemeenten houden rekening met nieuwe toestroom van Oekra\xc3\xafners uit gastgezinnen | NU - Het laatste nieuws het eerst op NU.nl,www.nu.nl,/spanningen-oekraine/6208704/gemeenten-houden-rekening-met-nieuwe-toestroom-van-oekrainers-uit-gastgezinnen.html,web,internal,"""""",www.nu.nl,null,9624c9d5ab3724b64dfc74dd096b6e34,"""""","""""",be22d0b778fd7b4ac3350424484e7431,2ced91413b8efc915f6681ae4c90cc14\n',,
42,b'2022-06-26T09:13:44.263Z,2022-06-26T09:13:43.875Z,nu.web,page_view,article,6208459,functional|analytics|targeted_advertising|non-personalised_ads|personalisation|marketing|social_media|advertising_1|advertising_2|advertising_3|advertising_4|advertising_7|advertising_9|advertising_10,Numansdorp,NL,ZH,South Holland,Europe/Amsterdam,3281,http://m.facebook.com/,"""Yvonne Coldeweijer eist rectificatie van BNR"," anders dient ze een klacht in | NU - Het laatste nieuws het eerst op NU.nl""",www.nu.nl,/media/6208459/yvonne-coldeweijer-eist-rectificatie-van-bnr-anders-dient-ze-een-klacht-in.html,web,social,Facebook,m.facebook.com,null,null,"""""","""""",055d33680730a0990c8cdc44417221a5,bd4e276e3aae3d8441c2a60e69d1c201\n',
43,b'2022-06-26T20:56:34.974Z,2022-06-26T20:56:33.490Z,nu.web,page_view,article,6208349,functional|analytics|targeted_advertising|non-personalised_ads|personalisation|marketing|social_media|advertising_1|advertising_2|advertising_3|advertising_4|advertising_7|advertising_9|advertising_10,Heemskerk,NL,NH,North Holland,Europe/Amsterdam,1965,android-app://com.google.android.googlequicksearchbox/,Dit verandert er op 1 juli voor je portemonnee | NU - Het laatste nieuws het eerst op NU.nl,www.nu.nl,/geldzaken/6208349/dit-verandert-er-op-1-juli-voor-je-portemonnee.html,web,unknown,"""""",com.google.android.googlequicksearchbox,null,117557a314a552d5b243273116628dde,"""""","""""",35b2cbf874aa2cc4b44d3aae0c8128c7,d05838d1cfb7c76dd5ee17f6a30a6f97\n',,
44,b'2022-06-26T18:09:22.609Z,2022-06-26T18:09:24.294Z,nu.web,page_view,article,6139689,functional|analytics|targeted_advertising|non-personalised_ads|personalisation|marketing|social_media|advertising_1|advertising_2|advertising_3|advertising_4|advertising_7|advertising_9|advertising_10,Sint-Truiden,BE,VLI,Limburg Province,Europe/Brussels,3800,https://lm.facebook.com/,Waarom zonnen slecht voor je is | Gezondheid | NU.nl,www.nu.nl,/gezondheid/6139689/waarom-zonnen-slecht-voor-je-is.html,web,social,Facebook,lm.facebook.com,"""""",e04e3683995f2c0eaf9bf4978bd55de2,"""""","""""",299f16697c0bcd5867be972884adb65c,f51d3bf14b81a411f27491912599ef1c\n',,
45,b'2022-06-26T12:44:58.709Z,2022-06-26T12:44:56.650Z,nu.web,page_view,article,6208481,functional|analytics|targeted_advertising|non-personalised_ads|personalisation|marketing|social_media|advertising_1|advertising_2|advertising_3|advertising_4|advertising_7|advertising_9|advertising_10,Hilversum,NL,NH,North Holland,Europe/Amsterdam,1222,android-app://com.google.android.googlequicksearchbox/,Dit zijn de beste midrange laptops | NU - Het laatste nieuws het eerst op NU.nl,www.nu.nl,/tech/6208481/dit-zijn-de-beste-midrange-laptops.html,web,unknown,"""""",com.google.android.googlequicksearchbox,null,830b2ecfa2a73212f9669adfdc7a229b,"""""","""""",2f1298cb9febcb0988649018a0f9ca94,53e852c38b9a3ca9573dd760a85e6875\n',,
46,b'2022-06-26T14:50:17.133Z,2022-06-26T14:50:17.016Z,nu.web,page_view,article,6208707,functional|analytics|targeted_advertising|non-personalised_ads|personalisation|marketing|social_media|advertising_1|advertising_2|advertising_3|advertising_4|advertising_7|advertising_9|advertising_10,Hattem,NL,GE,Gelderland,Europe/Amsterdam,8051,https://www.nu.nl/,"""Bagnaia wint TT van Assen in MotoGP"," WK-leider Quartararo valt uit na crash | NU - Het laatste nieuws het eerst op NU.nl""",www.nu.nl,/sport-overig/6208707/bagnaia-wint-tt-van-assen-in-motogp-wk-leider-quartararo-valt-uit-na-crash.html,web,internal,"""""",www.nu.nl,null,5b476b19627d9cb1d3d24208f91c723f,"""""","""""",db14d54a801cbb331e998c519390b3ef,1775b068f393fde105ce33d7d4495fb4\n',
47,b'2022-06-26T11:26:18.232Z,2022-06-26T11:26:18.130Z,nu.web,page_view,article,6208697,functional|analytics|targeted_advertising|non-personalised_ads|personalisation|marketing|social_media|advertising_1|advertising_2|advertising_3|advertising_4|advertising_7|advertising_9|advertising_10,"""""",FR,"""""","""""",Europe/Paris,"""""",https://www.nu.nl/net-binnen,Swiatek onder de indruk van Williams: \'Was te verlegen om haar gedag te zeggen\' | NU - Het laatste nieuws het eerst op NU.nl,www.nu.nl,/tennis/6208697/swiatek-onder-de-indruk-van-williams-was-te-verlegen-om-haar-gedag-te-zeggen.html,web,internal,"""""",www.nu.nl,null,fa0e9519b2cc981e1de87d0a71a0883b,"""""","""""",17d97e5af05a276a6e2c05b90ba700cf,2783e578a662c43544951ffa8f500dd9\n',,
48,b'2022-06-26T11:44:41.991Z,2022-06-26T11:44:41.801Z,nu.web,page_view,article,6208703,functional|analytics|targeted_advertising|non-personalised_ads|personalisation|marketing|social_media|advertising_1|advertising_2|advertising_3|advertising_4|advertising_7|advertising_9|advertising_10,Amersfoort,NL,UT,Utrecht,Europe/Amsterdam,3825,https://www.nu.nl/,U2-zanger Bono heeft een halfbroer waar hij tientallen jaren niet van wist | NU - Het laatste nieuws het eerst op NU.nl,www.nu.nl,/achterklap/6208703/u2-zanger-bono-heeft-een-halfbroer-waar-hij-tientallen-jaren-niet-van-wist.html,web,internal,"""""",www.nu.nl,null,139c79a147dcea0c46c2c1bcda5c8c8d,"""""","""""",6fb06446d668ed6df94af1b41c986c5e,269f5123d85255cb21fe581729f55145\n',,
49,b'2022-06-26T12:45:05.004Z,2022-06-26T12:45:04.808Z,nu.web,page_view,article,6208542,functional|analytics|targeted_advertising|non-personalised_ads|personalisation|marketing|social_media|advertising_1|advertising_2|advertising_3|advertising_4|advertising_7|advertising_9|advertising_10,Imsida,MT,34,L-Imsida,Europe/Malta,msd,https://www.nu.nl/,Zeker achttien doden na bestorming Spaanse enclave Melilla | NU - Het laatste nieuws het eerst op NU.nl,www.nu.nl,/buitenland/6208542/zeker-achttien-doden-na-bestorming-spaanse-enclave-melilla.html,web,internal,"""""",www.nu.nl,null,323acb412de6b31e8cbe391040722b0d,"""""","""""",024372c484b8b5701b9284cb71df50af,3095e562253f797617b682fcaad828bb\n',,
50,b'2022-06-26T11:44:44.612Z,2022-06-26T11:44:47.244Z,nu.web,page_view,article,6208559,functional|analytics|targeted_advertising|non-personalised_ads|personalisation|marketing|social_media|advertising_1|advertising_2|advertising_3|advertising_4|advertising_7|advertising_9|advertising_10,IJhorst,NL,OV,Overijssel,Europe/Amsterdam,7955,android-app://com.google.android.googlequicksearchbox/,Politie signaleert honderden \'verdachte transacties\' rondom vakantieparken | NU - Het laatste nieuws het eerst op NU.nl,www.nu.nl,/economie/6208559/politie-signaleert-honderden-verdachte-transacties-rondom-vakantieparken.html,web,unknown,"""""",com.google.android.googlequicksearchbox,null,2319e36b38a889281d28d3a2ac1ca0c3,"""""","""""",330acfae313cdfee9ef9241e68357bf0,6af9a38697e7d55dc42088078d4dcfda\n',,
51,b'2022-06-26T08:19:54.062Z,2022-06-26T08:19:53.247Z,nu.web,page_view,article,6208516,functional|analytics|targeted_advertising|non-personalised_ads|personalisation|marketing|social_media|advertising_1|advertising_2|advertising_3|advertising_4|advertising_7|advertising_9|advertising_10,Amsterdam,NL,NH,North Holland,Europe/Amsterdam,1015,https://news.google.com/,Advies van drie weken quarantaine na contact met apenpokkenpati\xc3\xabnt vervalt | Gezondheid | NU.nl,www.nu.nl,/gezondheid/6208516/advies-van-drie-weken-quarantaine-na-contact-met-apenpokkenpatient-vervalt.html,web,search,Google News,news.google.com,"""""",e076dcf3b5b5d6a42b8f7c2c717c9e38,"""""","""""",f3191552ee0f87ec68a6a4d88e45aeea,ec391e73a34b798f9f7230e8ef5be2a9\n',,
52,b'2022-06-26T11:26:13.017Z,2022-06-26T11:26:12.251Z,nu.web,page_view,article,6208690,functional|analytics|targeted_advertising|non-personalised_ads|personalisation|marketing|social_media|advertising_1|advertising_2|advertising_3|advertising_4|advertising_7|advertising_9|advertising_10,Amsterdam,NL,NH,North Holland,Europe/Amsterdam,1055,android-app://com.google.android.googlequicksearchbox/,Maarten wil in aangepaste vorm door met Hier zijn de Van Rossems | NU - Het laatste nieuws het eerst op NU.nl,www.nu.nl,/entertainment/6208690/maarten-wil-in-aangepaste-vorm-door-met-hier-zijn-de-van-rossems.html,web,unknown,"""""",com.google.android.googlequicksearchbox,null,ef91e9768104f1ef77266a3d4e3a8f23,"""""","""""",e5a0ac41ab868264c5e0720ec0523da7,2db875317e4225e904770dc3eb70f4a0\n',,
53,b'2022-06-26T09:13:42.577Z,2022-06-26T09:13:40.819Z,nu.web,page_view,article,6208690,functional|analytics|targeted_advertising|non-personalised_ads|personalisation|marketing|social_media|advertising_1|advertising_2|advertising_3|advertising_4|advertising_7|advertising_9|advertising_10,Dordrecht,NL,ZH,South Holland,Europe/Amsterdam,3318,https://www.nu.nl/meest-gelezen,Maarten wil in aangepaste vorm door met Hier zijn de Van Rossems | NU - Het laatste nieuws het eerst op NU.nl,www.nu.nl,/entertainment/6208690/maarten-wil-in-aangepaste-vorm-door-met-hier-zijn-de-van-rossems.html,web,internal,"""""",www.nu.nl,null,471e2eb9753a94367a06c355d5fe682b,"""""","""""",7ba414f1c9b2d58a45ad00cd75ea8129,b9e244f8dcd3c71243190b53b2b2f179\n',,
54,b'2022-06-26T11:26:11.434Z,2022-06-26T11:26:14.955Z,nu.web,page_view,article,6208684,functional|analytics|targeted_advertising|non-personalised_ads|personalisation|marketing|social_media|advertising_1|advertising_2|advertising_3|advertising_4|advertising_7|advertising_9|advertising_10,Amsterdam,NL,NH,North Holland,Europe/Amsterdam,1064,https://www.nu.nl/,Zeker zeventien doden bij \'bizar incident\' in Zuid-Afrikaanse kroeg | NU - Het laatste nieuws het eerst op NU.nl,www.nu.nl,/buitenland/6208684/zeker-zeventien-doden-bij-bizar-incident-in-zuid-afrikaanse-kroeg.html,web,internal,"""""",www.nu.nl,null,0df9e12507d4f479f8aad00654740947,"""""","""""",de410f38fb58142fb60ddf946023906f,4ba48c2559c2c28bd7b2fbbece6fb35a\n',,
55,b'2022-06-26T11:26:18.215Z,2022-06-26T11:26:18.334Z,nu.web,page_view,article,6207115,functional|analytics|targeted_advertising|non-personalised_ads|personalisation|marketing|social_media|advertising_1|advertising_2|advertising_3|advertising_4|advertising_7|advertising_9|advertising_10,Amsterdam,NL,NH,North Holland,Europe/Amsterdam,1098,"""""",Fouten ontdekt in energienota\'s bij teruglevering zonnepanelen | NU - Het laatste nieuws het eerst op NU.nl,www.nu.nl,/wonen/6207115/fouten-ontdekt-in-energienotas-bij-teruglevering-zonnepanelen.html,web,"""""","""""","""""",null,17b1859e8956600ff63031e7f80e323c,"""""","""""",2d64f3c51b4c54c955f541d962b36873,b2e800546d6e26eee2168145f1caf582\n',,
56,b'2022-06-26T11:45:08.178Z,2022-06-26T11:45:07.402Z,nu.web,page_view,article,6208702,functional|analytics|targeted_advertising|non-personalised_ads|personalisation|marketing|social_media|advertising_1|advertising_2|advertising_3|advertising_4|advertising_7|advertising_9|advertising_10,Bergschenhoek,NL,ZH,South Holland,Europe/Amsterdam,2661,https://www.nu.nl/net-binnen,Bendsneyder sluit sterke Moto2-race in TT Assen af met vijfde plaats | NU - Het laatste nieuws het eerst op NU.nl,www.nu.nl,/sport-overig/6208702/bendsneyder-sluit-sterke-moto2-race-in-tt-assen-af-met-vijfde-plaats.html,web,internal,"""""",www.nu.nl,null,3f0623ade1ce3bb23e32905b9e7789c0,"""""","""""",2b8cf0e06bdbafce3f70d7da295c52a8,2dfe4af15ffdacd32d7de8eff7a63f27\n',,
57,b'2022-06-26T11:26:00.727Z,2022-06-26T11:25:55.237Z,nu.web,page_view,article,6207115,functional|analytics|targeted_advertising|non-personalised_ads|personalisation|marketing|social_media|advertising_1|advertising_2|advertising_3|advertising_4|advertising_7|advertising_9|advertising_10,Noordwijkerhout,NL,ZH,South Holland,Europe/Amsterdam,2211,https://lm.facebook.com/,Fouten ontdekt in energienota\'s bij teruglevering zonnepanelen | NU - Het laatste nieuws het eerst op NU.nl,www.nu.nl,/wonen/6207115/fouten-ontdekt-in-energienotas-bij-teruglevering-zonnepanelen.html,web,social,Facebook,lm.facebook.com,null,86a70a2218ef876bffd2212cc4d678e9,"""""","""""",b4c8e9b18c3547f0111fe55f83e33900,e880b74d8780e5320773612a41475a66\n',,
58,b'2022-06-26T14:48:47.108Z,2022-06-26T14:48:47.399Z,nu.web,page_view,article,6208554,functional|analytics|targeted_advertising|non-personalised_ads|personalisation|marketing|social_media|advertising_1|advertising_2|advertising_3|advertising_4|advertising_7|advertising_9|advertising_10,Hardenberg,NL,OV,Overijssel,Europe/Amsterdam,7773,https://l.facebook.com/,"""Man (18) doodgestoken in Vlaardingen"," verdachte gewond naar het ziekenhuis | NU - Het laatste nieuws het eerst op NU.nl""",www.nu.nl,/binnenland/6208554/man-18-doodgestoken-in-vlaardingen-verdachte-gewond-naar-het-ziekenhuis.html,web,social,Facebook,l.facebook.com,null,e91da9d35308df1b559c9643e4ed326f,"""""","""""",86d7a1b7cabfecdc46ef1d8ee0df6fed,294d452f1ba22ccec83482df290d4c97\n',
59,b'2022-06-26T11:44:45.278Z,2022-06-26T11:44:44.989Z,nu.web,page_view,article,6208676,functional|analytics|targeted_advertising|non-personalised_ads|personalisation|marketing|social_media|advertising_1|advertising_2|advertising_3|advertising_4|advertising_7|advertising_9|advertising_10,Rotterdam,NL,ZH,South Holland,Europe/Amsterdam,3061,https://www.nu.nl/,Prinses Alexia viert zeventiende verjaardag | NU - Het laatste nieuws het eerst op NU.nl,www.nu.nl,/koningshuis/6208676/prinses-alexia-viert-zeventiende-verjaardag.html,web,internal,"""""",www.nu.nl,null,a0bb356a03a42868074f4e91f467c499,"""""","""""",4967da198ff32999056c1f8b1b973e68,62675052d0346241be105782e90d2a5c\n',,
60,b'2022-06-26T11:44:45.013Z,2022-06-26T11:44:44.620Z,nu.web,page_view,article,6208659,functional|analytics|targeted_advertising|non-personalised_ads|personalisation|marketing|social_media|advertising_1|advertising_2|advertising_3|advertising_4|advertising_7|advertising_9|advertising_10,Rotterdam,NL,ZH,South Holland,Europe/Amsterdam,3083,https://www.nu.nl/,Huis van Afgevaardigden roept Rusland op om basketbalster Griner vrij te laten | NU - Het laatste nieuws het eerst op NU.nl,www.nu.nl,/sport-overig/6208659/huis-van-afgevaardigden-roept-rusland-op-om-basketbalster-griner-vrij-te-laten.html,web,internal,"""""",www.nu.nl,null,ca1ea4be6f3a2d7d21d3c9b942876437,"""""","""""",a3774e21846fc1f43dc6236120e63f90,5385a9449d0fd3d6bd12e74250423ad7\n',,
61,b'2022-06-26T11:27:41.051Z,2022-06-26T11:27:40.915Z,nu.web,page_view,article,6208677,functional|analytics|targeted_advertising|non-personalised_ads|personalisation|marketing|social_media|advertising_1|advertising_2|advertising_3|advertising_4|advertising_7|advertising_9|advertising_10,Utrecht,NL,UT,Utrecht,Europe/Amsterdam,3526,https://www.nu.nl/,"""Kyiv onder vuur genomen met kruisraketten"," zeker vijf gewonden | NU - Het laatste nieuws het eerst op NU.nl""",www.nu.nl,/spanningen-oekraine/6208677/kyiv-onder-vuur-genomen-met-kruisraketten-zeker-vijf-gewonden.html,web,internal,"""""",www.nu.nl,null,0deb92a784047b3f631b9e48184881d2,"""""","""""",a2764a4cbb5c61831f254d7b70f76ec7,b8e82c2eed1609b675551b2b70c1679a\n',
62,b'2022-06-26T11:44:45.443Z,2022-06-26T11:44:44.596Z,nu.web,page_view,article,6208675,functional|analytics|targeted_advertising|non-personalised_ads|personalisation|marketing|social_media|advertising_1|advertising_2|advertising_3|advertising_4|advertising_7|advertising_9|advertising_10,Winsum,NL,GR,Groningen,Europe/Amsterdam,9951,android-app://com.google.android.googlequicksearchbox/,Chinese gekuifde naakthond Happy Face uitgeroepen tot lelijkste hond ter wereld | Dieren | NU.nl,www.nu.nl,/dieren/6208675/chinese-gekuifde-naakthond-happy-face-uitgeroepen-tot-lelijkste-hond-ter-wereld.html,web,unknown,"""""",com.google.android.googlequicksearchbox,"""""",2f4f4464e751da6024356776f6385778,"""""","""""",dd07639b5bd6f9546b7d5f00240306c5,c9a4a2d3db00c566d5642be9ef12bb6a\n',,
63,b'2022-06-26T08:19:55.725Z,2022-06-26T08:19:54.711Z,nu.web,page_view,article,6208671,functional|analytics|targeted_advertising|non-personalised_ads|personalisation|marketing|social_media|advertising_1|advertising_2|advertising_3|advertising_4|advertising_7|advertising_9|advertising_10,Damwald,NL,FR,Friesland,Europe/Amsterdam,9104,"""""",Zeer zeldzame bevroren babymammoet ontdekt in Canada,www.nu.nl,/components/comments/article/6208671,web,"""""","""""","""""",null,8fc23a6c9548c2faeec44e98d91d9a39,"""""","""""",3aeb5f3b2e81a19b23e7d1ae02819dcb,296ee870c67cad259dbaaea6550c7d0d\n',,
64,b'2022-06-26T08:20:01.578Z,2022-06-26T08:20:01.464Z,nu.web,page_view,article,6207115,functional|analytics|targeted_advertising|non-personalised_ads|personalisation|marketing|social_media|advertising_1|advertising_2|advertising_3|advertising_4|advertising_7|advertising_9|advertising_10,Grou,NL,FR,Friesland,Europe/Amsterdam,9001,android-app://com.google.android.googlequicksearchbox/,Fouten ontdekt in energienota\'s bij teruglevering zonnepanelen | NU - Het laatste nieuws het eerst op NU.nl,www.nu.nl,/wonen/6207115/fouten-ontdekt-in-energienotas-bij-teruglevering-zonnepanelen.html,web,unknown,"""""",com.google.android.googlequicksearchbox,null,4b9942d9d12a05e7a3fc0af839379bcf,"""""","""""",f08eebd95aeea0901f17e56683a471d1,6ea6bdd41201b8f2a01bcd2e3d27f221\n',,
65,b'2022-06-26T12:45:01.855Z,2022-06-26T12:45:01.752Z,nu.web,page_view,article,6208350,functional|analytics|targeted_advertising|non-personalised_ads|personalisation|marketing|social_media|advertising_1|advertising_2|advertising_3|advertising_4|advertising_7|advertising_9|advertising_10,Delft,NL,ZH,South Holland,Europe/Amsterdam,2613,https://www.nu.nl/dieren/5948292/kleine-hond-met-dreadlocks-uitgeroepen-tot-lelijkste-hond-ter-wereld.html,Lame heeft zwijgend het grootste kanaal op TikTok | NU - Het laatste nieuws het eerst op NU.nl,www.nu.nl,/uit-andere-media/6208350/lame-heeft-zwijgend-het-grootste-kanaal-op-tiktok.html,web,internal,"""""",www.nu.nl,null,ce02d5389c2f1edd504eaa189cb3cb20,"""""","""""",427ad7afac61aa25da2bde839a0197ce,e2288ea0aa392a813c457e20f6bc4211\n',,
66,b'2022-06-26T08:49:43.882Z,2022-06-26T08:49:43.782Z,nu.web,page_view,article,6208675,functional|analytics|targeted_advertising|non-personalised_ads|personalisation|marketing|social_media|advertising_1|advertising_2|advertising_3|advertising_4|advertising_7|advertising_9|advertising_10,Haarlem,NL,NH,North Holland,Europe/Amsterdam,2021,https://www.nu.nl/,Chinese gekuifde naakthond Happy Face uitgeroepen tot lelijkste hond ter wereld | Dieren | NU.nl,www.nu.nl,/dieren/6208675/chinese-gekuifde-naakthond-happy-face-uitgeroepen-tot-lelijkste-hond-ter-wereld.html,web,internal,"""""",www.nu.nl,"""""",d9bac2d85613da33f6462ebbd6b801e9,"""""","""""",f3c0aefb53dddc481eaafdf6ceae4d6a,5f662046474dcd2a48691ced25d8b42d\n',,
67,b'2022-06-26T11:27:40.197Z,2022-06-26T11:27:40.114Z,nu.web,page_view,article,6208672,functional|analytics|targeted_advertising|non-personalised_ads|personalisation|marketing|social_media|advertising_1|advertising_2|advertising_3|advertising_4|advertising_7|advertising_9|advertising_10,Purmerend,NL,NH,North Holland,Europe/Amsterdam,1448,https://www.nu.nl/,Epstein-handlanger Ghislaine Maxwell onder zelfmoordtoezicht geplaatst in cel | NU - Het laatste nieuws het eerst op NU.nl,www.nu.nl,/buitenland/6208672/epstein-handlanger-ghislaine-maxwell-onder-zelfmoordtoezicht-geplaatst-in-cel.html,web,internal,"""""",www.nu.nl,null,null,"""""","""""",560b8fcf7da3d6db29453e4451e53cdc,c0e054f15c685846eb19399e22d18cd2\n',,
68,b'2022-06-26T12:17:21.606Z,2022-06-26T12:17:21.649Z,nu.web,page_view,article,6208672,functional|analytics|targeted_advertising|non-personalised_ads|personalisation|marketing|social_media|advertising_1|advertising_2|advertising_3|advertising_4|advertising_7|advertising_9|advertising_10,Willemstad,CW,"""""","""""",America/Curacao,"""""",https://www.nu.nl/,Epstein-handlanger Ghislaine Maxwell onder zelfmoordtoezicht geplaatst in cel | NU - Het laatste nieuws het eerst op NU.nl,www.nu.nl,/buitenland/6208672/epstein-handlanger-ghislaine-maxwell-onder-zelfmoordtoezicht-geplaatst-in-cel.html,web,internal,"""""",www.nu.nl,null,9e55c4a8b40289a66b9a27a008abaf67,"""""","""""",d6b7bcfc6c17f3838db445f71e15319b,7a407039648e9422971d5b33231b27ef\n',,
69,b'2022-06-26T20:56:35.897Z,2022-06-26T20:56:34.936Z,nu.web,page_view,article,6208751,functional|analytics|targeted_advertising|non-personalised_ads|personalisation|marketing|social_media|advertising_1|advertising_2|advertising_3|advertising_4|advertising_7|advertising_9|advertising_10,Mexico City,MX,CMX,Mexico City,America/Mexico_City,03020,https://www.nu.nl/,Tientallen arrestaties bij verboden Pride-optocht in Istanboel | NU - Het laatste nieuws het eerst op NU.nl,www.nu.nl,/buitenland/6208751/tientallen-arrestaties-bij-verboden-pride-optocht-in-istanboel.html,web,internal,"""""",www.nu.nl,null,db4a23ad1ac91c4745eab6c3ee2237c4,"""""","""""",231020244a2b52aafcf132662402009c,14d756e7c3b04904d2961be1b2386d27\n',,
70,b'2022-06-26T09:13:35.466Z,2022-06-26T09:13:34.225Z,nu.web,page_view,article,6208676,functional|analytics|targeted_advertising|non-personalised_ads|personalisation|marketing|social_media|advertising_1|advertising_2|advertising_3|advertising_4|advertising_7|advertising_9|advertising_10,Amersfoort,NL,UT,Utrecht,Europe/Amsterdam,3825,https://www.google.nl/,Prinses Alexia viert zeventiende verjaardag | NU - Het laatste nieuws het eerst op NU.nl,www.nu.nl,/koningshuis/6208676/prinses-alexia-viert-zeventiende-verjaardag.html,web,search,Google,www.google.nl,null,null,"""""","""""",0dc4c8cf2c5a8281eb0d881be956acad,8840542de3561fccc0adbddaef52dd69\n',,
71,b'2022-06-26T20:56:46.839Z,2022-06-26T20:56:46.816Z,nu.web,page_view,article,6208676,functional|analytics|targeted_advertising|non-personalised_ads|personalisation|marketing|social_media|advertising_1|advertising_2|advertising_3|advertising_4|advertising_7|advertising_9|advertising_10,Harmelen,NL,UT,Utrecht,Europe/Amsterdam,3481,https://www.nu.nl/achterklap,Prinses Alexia viert zeventiende verjaardag | NU - Het laatste nieuws het eerst op NU.nl,www.nu.nl,/koningshuis/6208676/prinses-alexia-viert-zeventiende-verjaardag.html,web,internal,"""""",www.nu.nl,null,082a5de85bd09990cf9519ac97b88c23,"""""","""""",4769d7fd02327bde779be25f749992c2,19b618060ab893615a67ee564f49bc53\n',,
72,b'2022-06-26T14:48:49.860Z,2022-06-26T14:48:51.489Z,nu.web,page_view,article,6207115,functional|analytics|targeted_advertising|non-personalised_ads|personalisation|marketing|social_media|advertising_1|advertising_2|advertising_3|advertising_4|advertising_7|advertising_9|advertising_10,Amsterdam,NL,NH,North Holland,Europe/Amsterdam,1058,https://lm.facebook.com/,Fouten ontdekt in energienota\'s bij teruglevering zonnepanelen | NU - Het laatste nieuws het eerst op NU.nl,www.nu.nl,/wonen/6207115/fouten-ontdekt-in-energienotas-bij-teruglevering-zonnepanelen.html,web,social,Facebook,lm.facebook.com,null,ad237d03810072566e2221feb06ca145,"""""","""""",bb5b2b3d158159c56157dad817732b43,0bb7b06f6fada6683f3195c50f6db188\n',,
73,b'2022-06-26T20:56:46.027Z,2022-06-26T20:56:45.942Z,nu.web,page_view,article,6208612,functional|analytics|targeted_advertising|non-personalised_ads|personalisation|marketing|social_media|advertising_1|advertising_2|advertising_3|advertising_4|advertising_7|advertising_9|advertising_10,Amsterdam,NL,NH,North Holland,Europe/Amsterdam,1018,https://www.nu.nl/uit-andere-media/6208577/komkommer-als-sukkeltje-onder-de-groenten-welke-groenten-zijn-het-gezondst.html,Burgemeester van Kyiv wil met Berlijnse ambtgenoot spreken na deepfakegrap | NU - Het laatste nieuws het eerst op NU.nl,www.nu.nl,/tech/6208612/burgemeester-van-kyiv-wil-met-berlijnse-ambtgenoot-spreken-na-deepfakegrap.html,web,internal,"""""",www.nu.nl,null,ba6cadaf936ee24b40e7bef18d5e2955,"""""","""""",d0502191fd56ad62db1b1d13b7257788,c23e57fa7e50bee32bda712b80b58f4d\n',,
74,b'2022-06-26T11:44:47.989Z,2022-06-26T11:44:47.615Z,nu.web,page_view,article,6208420,functional|analytics|targeted_advertising|non-personalised_ads|personalisation|marketing|social_media|advertising_1|advertising_2|advertising_3|advertising_4|advertising_7|advertising_9|advertising_10,Meterik,NL,LI,Limburg,Europe/Amsterdam,5964,https://www.google.com/,Prinses Amalia dankbaar dat ze ondanks woningnood een kamer heeft gevonden | NU - Het laatste nieuws het eerst op NU.nl,www.nu.nl,/koningshuis/6208420/prinses-amalia-dankbaar-dat-ze-ondanks-woningnood-een-kamer-heeft-gevonden.html,web,search,Google,www.google.com,null,bcab252eac2b941e91175f70fb38f14a,"""""","""""",ffb1d1c92e7b887a6c2546c3bd7544cc,f2f1f0f72944abd0221af0707016852c\n',,
75,b'2022-06-26T11:26:17.473Z,2022-06-26T11:26:16.424Z,nu.web,page_view,article,6208676,functional|analytics|targeted_advertising|non-personalised_ads|personalisation|marketing|social_media|advertising_1|advertising_2|advertising_3|advertising_4|advertising_7|advertising_9|advertising_10,Rotterdam,NL,ZH,South Holland,Europe/Amsterdam,3071,https://www.nu.nl/net-binnen,Prinses Alexia viert zeventiende verjaardag | NU - Het laatste nieuws het eerst op NU.nl,www.nu.nl,/koningshuis/6208676/prinses-alexia-viert-zeventiende-verjaardag.html,web,internal,"""""",www.nu.nl,null,b32ec83c4f2156e377d129e4def4316b,"""""","""""",22d9457ee8a91f6e335d9b222942d09d,37dbce65fde2b3db8a9897534c22bdb9\n',,
76,b'2022-06-26T11:26:16.815Z,2022-06-26T11:26:20.405Z,nu.web,page_view,article,6208208,functional|analytics|targeted_advertising|non-personalised_ads|personalisation|marketing|social_media|advertising_1|advertising_2|advertising_3|advertising_4|advertising_7|advertising_9|advertising_10,Sittard,NL,LI,Limburg,Europe/Amsterdam,6136,https://www.nu.nl/,Boerenprotest in Stroe | Nieuwe coronagolf | NU - Het laatste nieuws het eerst op NU.nl,www.nu.nl,/nujij/6208208/boerenprotest-in-stroe-nieuwe-coronagolf.html,web,internal,"""""",www.nu.nl,null,ac23cfdbc0b31684294fcea386cbfbf1,"""""","""""",13ba1377f33134c1a32ac17a1f0690cc,fddcaf681b2bf8d585024b8ace3523a5\n',,
77,b'2022-06-26T14:48:47.964Z,2022-06-26T14:48:47.674Z,nu.web,page_view,article,6208677,functional|analytics|targeted_advertising|non-personalised_ads|personalisation|marketing|social_media|advertising_1|advertising_2|advertising_3|advertising_4|advertising_7|advertising_9|advertising_10,Rotterdam,NL,ZH,South Holland,Europe/Amsterdam,3083,https://www.nu.nl/,"""Kyiv onder vuur genomen met kruisraketten"," zeker zes gewonden en een dode | NU - Het laatste nieuws het eerst op NU.nl""",www.nu.nl,/spanningen-oekraine/6208677/kyiv-onder-vuur-genomen-met-kruisraketten-zeker-zes-gewonden-en-een-dode.html,web,internal,"""""",www.nu.nl,null,565e2b26cb47e375d56c579181f7a2be,"""""","""""",83c9d3e8eadd4b2944852bfc45aec169,bfddcd0541398b42260aa06066b11db6\n',
78,b'2022-06-26T08:48:42.728Z,2022-06-26T08:48:42.707Z,nu.web,page_view,article,6208675,functional|analytics|targeted_advertising|non-personalised_ads|personalisation|marketing|social_media|advertising_1|advertising_2|advertising_3|advertising_4|advertising_7|advertising_9|advertising_10,Breda,NL,NB,North Brabant,Europe/Amsterdam,4816,https://www.nu.nl/,Chinese gekuifde naakthond Happy Face uitgeroepen tot lelijkste hond ter wereld | Dieren | NU.nl,www.nu.nl,/dieren/6208675/chinese-gekuifde-naakthond-happy-face-uitgeroepen-tot-lelijkste-hond-ter-wereld.html,web,internal,"""""",www.nu.nl,"""""",b8ff08d87ef8736d3aeeeb225d41435c,"""""","""""",a271da664eecb667670430e7ef42ce81,a26e82a7794dc953637d1abb5b1b10af\n',,
79,b'2022-06-26T11:26:15.586Z,2022-06-26T11:26:14.167Z,nu.web,page_view,article,6208678,functional|analytics|targeted_advertising|non-personalised_ads|personalisation|marketing|social_media|advertising_1|advertising_2|advertising_3|advertising_4|advertising_7|advertising_9|advertising_10,Tholen,NL,ZE,Zeeland,Europe/Amsterdam,4691,https://www.google.com/,"""VK", VS," Japan en Canada kondigen importverbod aan op Russisch goud | NU - Het laatste nieuws het eerst op NU.nl""",www.nu.nl,/economie/6208678/vk-vs-japan-en-canada-kondigen-importverbod-aan-op-russisch-goud.html,web,search,Google,www.google.com,null,bf34d048b81bf91b4e48f482f2c63e05,"""""","""""",baaab6f5cb9ddd8bb50bad6f06edff4a,f5310c3d5465cfd25648ff6cd4bde70a\n'
80,b'2022-06-26T12:44:51.791Z,2022-06-26T12:44:51.873Z,nu.web,page_view,article,6208563,functional|analytics|targeted_advertising|non-personalised_ads|personalisation|marketing|social_media|advertising_1|advertising_2|advertising_3|advertising_4|advertising_7|advertising_9|advertising_10,Zierikzee,NL,ZE,Zeeland,Europe/Amsterdam,4301,https://news.google.com/,"""Flemming levert Fortuna bijna recordbedrag op"," tiende aanwinst voor Sparta | NU - Het laatste nieuws het eerst op NU.nl""",www.nu.nl,/voetbal/6208563/flemming-levert-fortuna-bijna-recordbedrag-op-tiende-aanwinst-voor-sparta.html,web,search,Google News,news.google.com,null,7549c149a9373f3610be03271a700d8f,"""""","""""",56169acc4d403661a1780745f7d9e1e4,0403ca0fa47c9bea07a7e00e89ab2281\n',
81,b'2022-06-26T11:27:35.261Z,2022-06-26T11:27:33.744Z,nu.web,page_view,article,6207115,functional|analytics|targeted_advertising|non-personalised_ads|personalisation|marketing|social_media|advertising_1|advertising_2|advertising_3|advertising_4|advertising_7|advertising_9|advertising_10,Amsterdam,NL,NH,North Holland,Europe/Amsterdam,1055,https://lm.facebook.com/,Fouten ontdekt in energienota\'s bij teruglevering zonnepanelen | NU - Het laatste nieuws het eerst op NU.nl,www.nu.nl,/wonen/6207115/fouten-ontdekt-in-energienotas-bij-teruglevering-zonnepanelen.html,web,social,Facebook,lm.facebook.com,null,1e9c99514ee3df5eb89e4ad671b660a3,"""""","""""",a461e488d47e308454903e9376d76a3c,f4db9ca13c0d184744c328195c8d1506\n',,
82,b'2022-06-26T08:49:43.989Z,2022-06-26T08:49:45.973Z,nu.web,page_view,article,6208671,functional|analytics|targeted_advertising|non-personalised_ads|personalisation|marketing|social_media|advertising_1|advertising_2|advertising_3|advertising_4|advertising_7|advertising_9|advertising_10,Rijswijk,NL,ZH,South Holland,Europe/Amsterdam,2286,https://www.nu.nl/,Zeer zeldzame bevroren babymammoet ontdekt in Canada | Wetenschap | NU.nl,www.nu.nl,/wetenschap/6208671/zeer-zeldzame-bevroren-babymammoet-ontdekt-in-canada.html,web,internal,"""""",www.nu.nl,"""""",73db4367bc5950577dd849f3caca2e46,"""""","""""",a83b5355520bab6fc18fce0d01072622,1c18519da35ab8e161633a4f1e5e420a\n',,
83,b'2022-06-26T12:50:15.886Z,2022-06-26T12:50:16.432Z,nu.web,page_view,article,6208314,functional|analytics|targeted_advertising|non-personalised_ads|personalisation|marketing|social_media|advertising_1|advertising_2|advertising_3|advertising_4|advertising_7|advertising_9|advertising_10,Hardenberg,NL,OV,Overijssel,Europe/Amsterdam,7772,https://lm.facebook.com/,Grootste bacterie ooit ontdekt: \'Als een mens ter grootte van Mount Everest\' | Wetenschap | NU.nl,www.nu.nl,/wetenschap/6208314/grootste-bacterie-ooit-ontdekt-als-een-mens-ter-grootte-van-mount-everest.html,web,social,Facebook,lm.facebook.com,"""""",d79d78cf8e0e32aa80f7c472b023458d,"""""","""""",aed13c87e1bf1246004c6758a84ed014,c896af7ee34a1e6472b14c7aee3f8e4b\n',,
84,b'2022-06-26T11:26:17.154Z,2022-06-26T11:26:19.663Z,nu.web,page_view,article,6208677,functional|analytics|targeted_advertising|non-personalised_ads|personalisation|marketing|social_media|advertising_1|advertising_2|advertising_3|advertising_4|advertising_7|advertising_9|advertising_10,Amersfoort,NL,UT,Utrecht,Europe/Amsterdam,3813,https://www.nu.nl/algemeen,"""Kyiv onder vuur genomen met kruisraketten"," zeker vijf gewonden | NU - Het laatste nieuws het eerst op NU.nl""",www.nu.nl,/spanningen-oekraine/6208677/kyiv-onder-vuur-genomen-met-kruisraketten-zeker-vijf-gewonden.html,web,internal,"""""",www.nu.nl,null,a9482be832464459d27da4d6ff9823a1,"""""","""""",183902bc4b4ff94f91a810f7cade1177,f647bb5cfc8af25f579705976ffc3cf4\n',
85,b'2022-06-26T08:48:42.380Z,2022-06-26T08:48:42.041Z,nu.web,page_view,article,6208684,functional|analytics|targeted_advertising|non-personalised_ads|personalisation|marketing|social_media|advertising_1|advertising_2|advertising_3|advertising_4|advertising_7|advertising_9|advertising_10,Amsterdam,NL,NH,North Holland,Europe/Amsterdam,1012,"""""",Zeker zeventien doden bij \'bizar incident\' in Zuid-Afrikaanse kroeg | NU - Het laatste nieuws het eerst op NU.nl,www.nu.nl,/buitenland/6208684/zeker-zeventien-doden-bij-bizar-incident-in-zuid-afrikaanse-kroeg.html,web,"""""","""""","""""",null,b950ffe536be95e55314f5fd1e54e38d,"""""","""""",c35a5025c665081dedee847779c18b82,b112b4cf6ac325e44a726bbd3746d824\n',,
86,b'2022-06-26T14:48:49.296Z,2022-06-26T14:48:47.655Z,nu.web,page_view,article,6208222,functional|analytics|targeted_advertising|non-personalised_ads|personalisation|marketing|social_media|advertising_1|advertising_2|advertising_3|advertising_4|advertising_7|advertising_9|advertising_10,De Bilt,NL,UT,Utrecht,Europe/Amsterdam,3731,https://www.samsung.com/,"""Tijdlijn gaswinning Groningen: Geheime stukken"," keiharde rapporten en veel zorgen | NU - Het laatste nieuws het eerst op NU.nl""",www.nu.nl,/politiek/6208222/tijdlijn-gaswinning-groningen-geheime-stukken-keiharde-rapporten-en-veel-zorgen.html,web,unknown,"""""",www.samsung.com,null,d1f27540c64c5672da51399dd3b9c02d,"""""","""""",3f42e81d2d8be8a769c05c27e995c79f,91a5a9e312464a72d93e4555df90f6a5\n',
87,b'2022-06-26T20:56:35.807Z,2022-06-26T20:56:33.973Z,nu.web,page_view,article,6208349,functional|analytics|targeted_advertising|non-personalised_ads|personalisation|marketing|social_media|advertising_1|advertising_2|advertising_3|advertising_4|advertising_7|advertising_9|advertising_10,Deventer,NL,OV,Overijssel,Europe/Amsterdam,7425,"""""",Dit verandert er op 1 juli voor je portemonnee,www.nu.nl,/components/comments/article/6208349,web,"""""","""""","""""",null,c92aea9af639a8a7428e4c965de77c9c,"""""","""""",719bd586d6d86b21f63471e8984a3dcd,9c0ad13641cd4e76ea1e4b59c2810b2b\n',,
88,b'2022-06-26T12:44:52.403Z,2022-06-26T12:44:52.158Z,nu.web,page_view,article,6208705,functional|analytics|targeted_advertising|non-personalised_ads|personalisation|marketing|social_media|advertising_1|advertising_2|advertising_3|advertising_4|advertising_7|advertising_9|advertising_10,Wijk bij Duurstede,NL,UT,Utrecht,Europe/Amsterdam,3962,https://lm.facebook.com/,Weekweerbericht: Hoge temperaturen en onweersbuien wisselen elkaar af | NU - Het laatste nieuws het eerst op NU.nl,www.nu.nl,/binnenland/6208705/weekweerbericht-hoge-temperaturen-en-onweersbuien-wisselen-elkaar-af.html,web,social,Facebook,lm.facebook.com,null,539e71623ad4799be592b68635673978,"""""","""""",35c984a0e26cc8cf58a160a51296973e,ce2fe614b64358b814d9b7efa8a29334\n',,
89,b'2022-06-26T18:09:30.609Z,2022-06-26T18:09:28.696Z,nu.web,page_view,article,6208709,functional|analytics|targeted_advertising|non-personalised_ads|personalisation|marketing|social_media|advertising_1|advertising_2|advertising_3|advertising_4|advertising_7|advertising_9|advertising_10,Amsterdam,NL,NH,North Holland,Europe/Amsterdam,1051,https://www.nu.nl/,Nederlanders gewond door val met gemotoriseerde driewieler in afgrond Itali\xc3\xab | NU - Het laatste nieuws het eerst op NU.nl,www.nu.nl,/buitenland/6208709/nederlanders-gewond-door-val-met-gemotoriseerde-driewieler-in-afgrond-italie.html,web,internal,"""""",www.nu.nl,null,33b560b6091cbcf755be5e4249e7a054,"""""","""""",e4dc1da4491844c36ee06c0188107fa6,90baf4dfb47a1a2b7741f34f65d366f2\n',,
90,b'2022-06-26T12:45:02.015Z,2022-06-26T12:45:01.740Z,nu.web,page_view,article,6205094,functional|analytics|targeted_advertising|non-personalised_ads|personalisation|marketing|social_media|advertising_1|advertising_2|advertising_3|advertising_4|advertising_7|advertising_9|advertising_10,Ysselsteyn,NL,LI,Limburg,Europe/Amsterdam,5813,https://www.nu.nl/,Verhuur Xavi Simons aan PSV schijnt dichtbij te zijn | NU - Het laatste nieuws het eerst op NU.nl,www.nu.nl,/voetbal/6205094/verhuur-xavi-simons-aan-psv-schijnt-dichtbij-te-zijn.html,web,internal,"""""",www.nu.nl,null,6822f4fa9ff8b5f7c588957b93d4f04f,"""""","""""",9f67ab52cff27c5b3616e1614bf7488f,f40791ea65509024e962212caf7c9387\n',,
91,b'2022-06-26T18:09:11.520Z,2022-06-26T18:09:11.412Z,nu.web,page_view,article,6208385,functional|analytics|targeted_advertising|non-personalised_ads|personalisation|marketing|social_media|advertising_1|advertising_2|advertising_3|advertising_4|advertising_7|advertising_9|advertising_10,Mill,NL,NB,North Brabant,Europe/Amsterdam,5451,https://www.nu.nl/,Boetes en een brute overval: wat speelt er rond de familie Gillis? | NU - Het laatste nieuws het eerst op NU.nl,www.nu.nl,/achterklap/6208385/boetes-en-een-brute-overval-wat-speelt-er-rond-de-familie-gillis.html,web,internal,"""""",www.nu.nl,null,null,"""""","""""",9067d7b0f8c63b8e06de9e6ca90489b5,be1fb932255a06e4cef810dbe17fdbc1\n',,
92,b'2022-06-26T11:44:49.024Z,2022-06-26T11:44:48.189Z,nu.web,page_view,article,6208208,functional|analytics|targeted_advertising|non-personalised_ads|personalisation|marketing|social_media|advertising_1|advertising_2|advertising_3|advertising_4|advertising_7|advertising_9|advertising_10,Anna Paulowna,NL,NH,North Holland,Europe/Amsterdam,1761,https://www.nu.nl/,Boerenprotest in Stroe | Nieuwe coronagolf | NU - Het laatste nieuws het eerst op NU.nl,www.nu.nl,/nujij/6208208/boerenprotest-in-stroe-nieuwe-coronagolf.html,web,internal,"""""",www.nu.nl,null,09a9a8bb3cea67bfcb7f5bb5db5ac638,"""""","""""",da76f5326cd3948f8231a9dbd423a75b,b33526c6b40d43fcbcded86f4abc7a20\n',,
93,b'2022-06-26T20:56:36.540Z,2022-06-26T20:56:36.133Z,nu.web,page_view,article,6208349,functional|analytics|targeted_advertising|non-personalised_ads|personalisation|marketing|social_media|advertising_1|advertising_2|advertising_3|advertising_4|advertising_7|advertising_9|advertising_10,Heerlen,NL,LI,Limburg,Europe/Amsterdam,6411,http://m.facebook.com/,Dit verandert er op 1 juli voor je portemonnee | NU - Het laatste nieuws het eerst op NU.nl,www.nu.nl,/geldzaken/6208349/dit-verandert-er-op-1-juli-voor-je-portemonnee.html,web,social,Facebook,m.facebook.com,null,1597d00cd3baf0a0f134918a90551a86,"""""","""""",a7b4e69f57011a1a422ce474ab3d1292,fc1b684f14e5fda47fb28accf5cd57cb\n',,
94,b'2022-06-26T09:13:37.395Z,2022-06-26T09:13:36.995Z,nu.web,page_view,article,6208432,functional|analytics|targeted_advertising|non-personalised_ads|personalisation|marketing|social_media|advertising_1|advertising_2|advertising_3|advertising_4|advertising_7|advertising_9|advertising_10,Bussum,NL,NH,North Holland,Europe/Amsterdam,1405,http://m.facebook.com/,Reisbureaus willen personeel op Schiphol laten werken tijdens zomermaanden | NU - Het laatste nieuws het eerst op NU.nl,www.nu.nl,/economie/6208432/reisbureaus-willen-personeel-op-schiphol-laten-werken-tijdens-zomermaanden.html,web,social,Facebook,m.facebook.com,null,null,"""""","""""",f90225daedc5881a6f4d607ed8c61923,09417e6dcfc644d22284bc87a022ec29\n',,
95,b'2022-06-26T18:09:11.851Z,2022-06-26T18:09:18.108Z,nu.web,page_view,article,6208727,functional|analytics|targeted_advertising|non-personalised_ads|personalisation|marketing|social_media|advertising_1|advertising_2|advertising_3|advertising_4|advertising_7|advertising_9|advertising_10,Broekland,NL,OV,Overijssel,Europe/Amsterdam,8107,https://www.nu.nl/,Van den Goorbergh (16) schrok van vele publiek bij TT: \'Normaal heb ik niets door\' | NU - Het laatste nieuws het eerst op NU.nl,www.nu.nl,/sport-overig/6208727/van-den-goorbergh-16-schrok-van-vele-publiek-bij-tt-normaal-heb-ik-niets-door.html,web,internal,"""""",www.nu.nl,null,cdf32e86c20ddaed13d9bec8d8bdd3c2,"""""","""""",74e11af10f84cbb988ac7fefbe5b42ee,249909ae6d194374870f721061d853ef\n',,
96,b'2022-06-26T18:09:30.376Z,2022-06-26T18:09:29.881Z,nu.web,page_view,article,6208717,functional|analytics|personalisation,Zwolle,NL,OV,Overijssel,Europe/Amsterdam,8031,https://lm.facebook.com/,Evi Hanssen geeft jawoord aan vriend en doet dansje bij het stadhuis | NU - Het laatste nieuws het eerst op NU.nl,www.nu.nl,/achterklap/6208717/evi-hanssen-geeft-jawoord-aan-vriend-en-doet-dansje-bij-het-stadhuis.html,web,social,Facebook,lm.facebook.com,null,917dc8d623dd6c71cd23397c077b5f93,"""""","""""",3329e24bbdee79d3dc9c6ab8bbd65de8,b471f536ac64592de2a4203de64b0540\n',,
97,b'2022-06-26T12:17:21.715Z,2022-06-26T12:17:20.653Z,nu.web,page_view,article,6208672,functional|analytics|targeted_advertising|non-personalised_ads|personalisation|marketing|social_media|advertising_1|advertising_2|advertising_3|advertising_4|advertising_7|advertising_9|advertising_10,Langerak,NL,ZH,South Holland,Europe/Amsterdam,2967,https://www.nu.nl/buitenland/6208684/zeker-zeventien-doden-bij-bizar-incident-in-zuid-afrikaanse-kroeg.html,Epstein-handlanger Ghislaine Maxwell onder zelfmoordtoezicht geplaatst in cel | NU - Het laatste nieuws het eerst op NU.nl,www.nu.nl,/buitenland/6208672/epstein-handlanger-ghislaine-maxwell-onder-zelfmoordtoezicht-geplaatst-in-cel.html,web,internal,"""""",www.nu.nl,null,1a5e086dd5e72c3ea8c59dd31383b5d9,"""""","""""",6cfea93bb42bd7f70b675ad069a90a40,64e40ac91197a54c84ebb500edce3f84\n',,
98,b'2022-06-26T08:48:44.089Z,2022-06-26T08:48:43.671Z,nu.web,page_view,article,6208227,functional|analytics|targeted_advertising|non-personalised_ads|personalisation|marketing|social_media|advertising_1|advertising_2|advertising_3|advertising_4|advertising_7|advertising_9|advertising_10,Hoofddorp,NL,NH,North Holland,Europe/Amsterdam,2131,http://m.facebook.com/,Vlees vergeten uit de vriezer te halen? Met deze hacks ontdooi je het alsnog snel | Eten en drinken | NU.nl,www.nu.nl,/eten-en-drinken/6208227/vlees-vergeten-uit-de-vriezer-te-halen-met-deze-hacks-ontdooi-je-het-alsnog-snel.html,web,social,Facebook,m.facebook.com,"""""",57ba1f50d744dedb630a7eb6cf9e9bfd,"""""","""""",8c673486effbe9955fb28cdc381ca444,667605531fe9159f762517e5b74838e7\n',,
99,b'2022-06-26T20:56:36.887Z,2022-06-26T20:56:36.608Z,nu.web,page_view,article,6208758,functional|analytics|targeted_advertising|non-personalised_ads|personalisation|marketing|social_media|advertising_1|advertising_2|advertising_3|advertising_4|advertising_7|advertising_9|advertising_10,Reynosa,MX,TAM,Tamaulipas,America/Matamoros,88780,https://www.nu.nl/,Van \'t End woedend om maatregel judobond bij weigeren partijen tegen Russen | NU - Het laatste nieuws het eerst op NU.nl,www.nu.nl,/sport-overig/6208758/van-t-end-woedend-om-maatregel-judobond-bij-weigeren-partijen-tegen-russen.html,web,internal,"""""",www.nu.nl,null,68d8e5501a222000b5283734ddf7c593,"""""","""""",54893c2087891eaf426b6bb7819b5427,695c4680d95f354c5daa125e4ecbd8eb\n',,
100,b'2022-06-26T14:50:05.656Z,2022-06-26T14:50:04.514Z,nu.web,page_view,article,6208522,functional|analytics|targeted_advertising|non-personalised_ads|personalisation|marketing|social_media|advertising_1|advertising_2|advertising_3|advertising_4|advertising_7|advertising_9|advertising_10,Oosterhout,NL,NB,North Brabant,Europe/Amsterdam,4901,https://www.nu.nl/,Concurrentie tussen werkgevers is groot: meer loon en extra vrije dagen | NU - Het laatste nieuws het eerst op NU.nl,www.nu.nl,/economie/6208522/concurrentie-tussen-werkgevers-is-groot-meer-loon-en-extra-vrije-dagen.html,web,internal,"""""",www.nu.nl,null,cd10fa8c774d8b36894b87af403fd73b,"""""","""""",777c270e3c714180e0fdd91d841376ce,bdaa36e1868e83922f81de1d0730be70\n',,
