Item Title,Publication Title,Book Series Title,Journal Volume,Journal Issue,Item DOI,Authors,Publication Year,URL,Content Type
"Real-Time News Recommender System","Machine Learning and Knowledge Discovery in Databases","","","","10.1007/978-3-642-15939-8_38","Blaž FortunaCarolina FortunaDunja Mladenić","2010","http://link.springer.com/chapter/10.1007/978-3-642-15939-8_38","Chapter"
"News Recommender Based on Rich Feedback","User Modeling, Adaptation and Personalization","","","","10.1007/978-3-319-20267-9_27","Liliana ArdissonoGiovanna PetroneFrancesco Vigliaturo","2015","http://link.springer.com/chapter/10.1007/978-3-319-20267-9_27","Chapter"
"Location Aware Personalized News Recommender System Based on Twitter Popularity","Computational Science and Its Applications – ICCSA 2018","","","","10.1007/978-3-319-95171-3_51","Sunita TiwariManjeet Singh PangteySushil Kumar","2018","http://link.springer.com/chapter/10.1007/978-3-319-95171-3_51","Chapter"
"Recent News Recommender Using Browser’s History","Intelligent Systems and Applications","","","","10.1007/978-3-030-55187-2_22","Samer SawalhaArafat Awajan","2021","http://link.springer.com/chapter/10.1007/978-3-030-55187-2_22","Chapter"
"Ontology Importance towards Enhancing Suggestions in a News Recommender System for a Financial Investor","Metadata and Semantic Research","","","","10.1007/978-3-642-24731-6_18","Vasile Paul BresfeleanMihaela BresfeleanAna-Maria Ghiran","2011","http://link.springer.com/chapter/10.1007/978-3-642-24731-6_18","Chapter"
"Learning Fuzzy User Models for News Recommender Systems","AI*IA 2018 – Advances in Artificial Intelligence","","","","10.1007/978-3-030-03840-3_37","Mauro Dragoni","2018","http://link.springer.com/chapter/10.1007/978-3-030-03840-3_37","Chapter"
"Stochastic Models to Improve E-News Recommender Systems","Advances in Conceptual Modeling","","","","10.1007/978-3-030-34146-6_24","Bráulio Miranda Veloso","2019","http://link.springer.com/chapter/10.1007/978-3-030-34146-6_24","Chapter"
"A Highly Available Real-Time News Recommender Based on Apache Spark","Experimental IR Meets Multilinguality, Multimodality, and Interaction","","","","10.1007/978-3-319-65813-1_17","Jaschar DomannAndreas Lommatzsch","2017","http://link.springer.com/chapter/10.1007/978-3-319-65813-1_17","Chapter"
"News Recommender System Based on Topic Detection and Tracking","Rough Sets and Knowledge Technology","","","","10.1007/978-3-642-02962-2_87","Jing QiuLejian LiaoPeng Li","2009","http://link.springer.com/chapter/10.1007/978-3-642-02962-2_87","Chapter"
"Follow Africa: Building an African News Recommender Systems","Innovations and Interdisciplinary Solutions for Underserved Areas","","","","10.1007/978-3-030-34863-2_7","Moustapha Diouf FallModou Gueye","2019","http://link.springer.com/chapter/10.1007/978-3-030-34863-2_7","Chapter"
"News Recommenders: Real-Time, Real-Life Experiences","User Modeling, Adaptation and Personalization","","","","10.1007/978-3-319-20267-9_28","Doychin DoychevRachael RafterAonghus LawlorBarry Smyth","2015","http://link.springer.com/chapter/10.1007/978-3-319-20267-9_28","Chapter"
"Diversification in session-based news recommender systems","Personal and Ubiquitous Computing","","","","10.1007/s00779-021-01606-4","Alireza GharahighehiCeline Vens","2021","http://link.springer.com/article/10.1007/s00779-021-01606-4","Article"
"Bing-CF-IDF+: A Semantics-Driven News Recommender System","Advanced Information Systems Engineering","","","","10.1007/978-3-030-21290-2_3","Emma BrockenAron HartveldEmma de KoningThomas van NoortFrederik HogenboomFlavius FrasincarTarmo Robal","2019","http://link.springer.com/chapter/10.1007/978-3-030-21290-2_3","Chapter"
"Expectation, Perception, and Accuracy in News Recommender Systems: Understanding the Relationships of User Evaluation Criteria Using Direct Feedback","HCI International 2021 - Late Breaking Papers: Design and User Experience","","","","10.1007/978-3-030-90238-4_14","Poornima BelavadiLaura BurbachStefan AhlersMartina ZiefleAndré Calero Valdez","2021","http://link.springer.com/chapter/10.1007/978-3-030-90238-4_14","Chapter"
"News recommender system: a review of recent progress, challenges, and opportunities","Artificial Intelligence Review","","55","1","10.1007/s10462-021-10043-x","Shaina RazaChen Ding","2022","http://link.springer.com/article/10.1007/s10462-021-10043-x","Article"
"Advanced Information Systems Engineering","Lecture Notes in Computer Science","","","","10.1007/978-3-030-21290-2","Paolo GiorginiBarbara Weber","2019","http://link.springer.com/book/10.1007/978-3-030-21290-2","Book"
"Privacy and Identity Management. Data for Better Living: AI and Privacy","IFIP Advances in Information and Communication Technology","","","","10.1007/978-3-030-42504-3","Dr. Michael FriedewaldMelek ÖnenProf. Dr. Eva LievensStephan KrennSamuel Fricker","2020","http://link.springer.com/book/10.1007/978-3-030-42504-3","Book"
"An Educational News Dataset for Recommender Systems","ECML PKDD 2020 Workshops","","","","10.1007/978-3-030-65965-3_39","Yujie XingItishree MohallickJon Atle GullaÖzlem ÖzgöbekLemei Zhang","2020","http://link.springer.com/chapter/10.1007/978-3-030-65965-3_39","Chapter"
"HCI International 2021 - Late Breaking Papers: Design and User Experience","Lecture Notes in Computer Science","","","","10.1007/978-3-030-90238-4","Prof. Constantine StephanidisProf. Marcelo M. SoaresDr. Elizabeth RosenzweigDr. Aaron MarcusSakae YamamotoProf. Hirohiko MoriProf. Pei-Luen Patrick RauDr. Gabriele MeiselwitzXiaowen FangAbbas Moallem","2021","http://link.springer.com/book/10.1007/978-3-030-90238-4","Book"
"News Diversity and Recommendation Systems: Setting the Interdisciplinary Scene","Privacy and Identity Management. Data for Better Living: AI and Privacy","","","","10.1007/978-3-030-42504-3_7","Glen JorisCamiel ColruytJudith VermeulenStefaan VercoutereFrederik De GroveKristin Van DammeOrphée De ClercqCynthia Van HeeLieven De MarezVeronique HosteEva LievensToon De PessemierLuc Martens","2020","http://link.springer.com/chapter/10.1007/978-3-030-42504-3_7","Chapter"
"Real-Time News Recommendation Using Context-Aware Ensembles","Advances in Information Retrieval","","","","10.1007/978-3-319-06028-6_5","Andreas Lommatzsch","2014","http://link.springer.com/chapter/10.1007/978-3-319-06028-6_5","Chapter"
"News Recommendation in Real-Time","Smart Information Systems","","","","10.1007/978-3-319-14178-7_6","Benjamin KilleAndreas LommatzschTorben Brodt","2015","http://link.springer.com/chapter/10.1007/978-3-319-14178-7_6","Chapter"
"Continuous Evaluation of Large-Scale Information Access Systems: A Case for Living Labs","Information Retrieval Evaluation in a Changing World","","","","10.1007/978-3-030-22948-1_21","Frank HopfgartnerKrisztian BalogAndreas LommatzschLiadh KellyBenjamin KilleAnne SchuthMartha Larson","2019","http://link.springer.com/chapter/10.1007/978-3-030-22948-1_21","Chapter"
"ENRS: An Effective Recommender System Using Bayesian Model","Database Systems for Advanced Applications","","","","10.1007/978-3-319-18123-3_34","Yingyuan XiaoPengqiang AiHongya WangChing-Hsien HsuYukun Li","2015","http://link.springer.com/chapter/10.1007/978-3-319-18123-3_34","Chapter"
"A Framework for Analyzing News Images and Building Multimedia-Based Recommender","Innovations for Community Services","","","","10.1007/978-3-030-22482-0_14","Andreas LommatzschBenjamin KilleKevin Styp-RekowskiMax KarlJan Pommering","2019","http://link.springer.com/chapter/10.1007/978-3-030-22482-0_14","Chapter"
"Recommender Systems","","","","","10.1007/978-3-319-29659-3","Charu C. Aggarwal","2016","http://link.springer.com/book/10.1007/978-3-319-29659-3","Book"
"Recommender Systems Handbook","","","","","10.1007/978-1-4899-7637-6","Francesco RicciLior RokachBracha Shapira","2015","http://link.springer.com/book/10.1007/978-1-4899-7637-6","Book"
"Benchmarking News Recommendations in a Living Lab","Information Access Evaluation. Multilinguality, Multimodality, and Interaction","","","","10.1007/978-3-319-11382-1_21","Frank HopfgartnerBenjamin KilleAndreas LommatzschTill PlumbaumTorben BrodtTobias Heintz","2014","http://link.springer.com/chapter/10.1007/978-3-319-11382-1_21","Chapter"
"CLEF 2017 NewsREEL Overview: A Stream-Based Recommender Task for Evaluation and Education","Experimental IR Meets Multilinguality, Multimodality, and Interaction","","","","10.1007/978-3-319-65813-1_23","Andreas LommatzschBenjamin KilleFrank HopfgartnerMartha LarsonTorben BrodtJonas SeilerÖzlem Özgöbek","2017","http://link.springer.com/chapter/10.1007/978-3-319-65813-1_23","Chapter"
"Advances in Knowledge Discovery and Data Mining","Lecture Notes in Computer Science","","","","10.1007/978-3-030-47426-3","Hady W. LauwRaymond Chi-Wing WongAlexandros NtoulasEe-Peng LimSee-Kiong NgSinno Jialin Pan","2020","http://link.springer.com/book/10.1007/978-3-030-47426-3","Book"
"Stream-Based Recommendations: Online and Offline Evaluation as a Service","Experimental IR Meets Multilinguality, Multimodality, and Interaction","","","","10.1007/978-3-319-24027-5_48","Benjamin KilleAndreas LommatzschRoberto TurrinAndrás SerényMartha LarsonTorben BrodtJonas SeilerFrank Hopfgartner","2015","http://link.springer.com/chapter/10.1007/978-3-319-24027-5_48","Chapter"
"Personalized News Recommendation: A Review and an Experimental Investigation","Journal of Computer Science and Technology","","26","5","10.1007/s11390-011-0175-2","Lei LiDing-Ding WangShun-Zhi ZhuTao Li","2011","http://link.springer.com/article/10.1007/s11390-011-0175-2","Article"
"PGT: news recommendation coalescing personal and global temporal preferences","Knowledge and Information Systems","","63","12","10.1007/s10115-021-01618-9","Bonhun KooHyunsik JeonU. Kang","2021","http://link.springer.com/article/10.1007/s10115-021-01618-9","Article"
"Accurate News Recommendation Coalescing Personal and Global Temporal Preferences","Advances in Knowledge Discovery and Data Mining","","","","10.1007/978-3-030-47426-3_7","Bonhun KooHyunsik JeonU Kang","2020","http://link.springer.com/chapter/10.1007/978-3-030-47426-3_7","Chapter"
"Taxonomy Based Personalized News Recommendation: Novelty and Diversity","Web Information Systems Engineering – WISE 2013","","","","10.1007/978-3-642-41230-1_18","Junyang RaoAixia JiaYansong FengDongyan Zhao","2013","http://link.springer.com/chapter/10.1007/978-3-642-41230-1_18","Chapter"
"Personalized news recommendation based on articles chain building","Neural Computing and Applications","","27","5","10.1007/s00521-015-1932-x","Wanrong GuShoubin DongMingquan Chen","2016","http://link.springer.com/article/10.1007/s00521-015-1932-x","Article"
"Social News Feed Recommender","Artificial Intelligence: Methodology, Systems, and Applications","","","","10.1007/978-3-319-10554-3_4","Milen ChechevIvan Koychev","2014","http://link.springer.com/chapter/10.1007/978-3-319-10554-3_4","Chapter"
"Encyclopedia of Social Network Analysis and Mining","","","","","10.1007/978-1-4939-7131-2","Reda AlhajjJon Rokne","2018","http://link.springer.com/referencework/10.1007/978-1-4939-7131-2","ReferenceWork"
"Mobile and Ubiquitous Systems: Computing, Networking and Services","Lecture Notes of the Institute for Computer Sciences, Social Informatics and Telecommunications Engineering","","","","10.1007/978-3-030-94822-1","Takahiro HaraHirozumi Yamaguchi","2022","http://link.springer.com/book/10.1007/978-3-030-94822-1","Book"
"Heterogeneity, quality, and reputation in an adaptive recommendation model","The European Physical Journal B","","80","2","10.1140/epjb/e2010-10716-5","G. CiminiM. MedoT. ZhouD. WeiY.-C. Zhang","2011","http://link.springer.com/article/10.1140/epjb/e2010-10716-5","Article"
"Pitch Proposal: Recommenders with a Mission - Assessing Diversity in News Recommendations","ECML PKDD 2020 Workshops","","","","10.1007/978-3-030-65965-3_38","Sanne VrijenhoekNatali Helberger","2020","http://link.springer.com/chapter/10.1007/978-3-030-65965-3_38","Chapter"
"An experimental evaluation of ontology-based user profiles","Multimedia Tools and Applications","","73","2","10.1007/s11042-012-1254-2","Frank HopfgartnerJoemon M. Jose","2014","http://link.springer.com/article/10.1007/s11042-012-1254-2","Article"
"Large-Scale Real-Time News Recommendation Based on Semantic Data Analysis and Users’ Implicit and Explicit Behaviors","Advances in Databases and Information Systems","","","","10.1007/978-3-319-98398-1_17","Hemza FicelMohamed Ramzi HaddadHajer Baazaoui Zghal","2018","http://link.springer.com/chapter/10.1007/978-3-319-98398-1_17","Chapter"
"Aligning AI Optimization to Community Well-Being","International Journal of Community Well-Being","","3","4","10.1007/s42413-020-00086-3","Jonathan Stray","2020","http://link.springer.com/article/10.1007/s42413-020-00086-3","Article"
"Join the Living Lab: Evaluating News Recommendations in Real-Time","Advances in Information Retrieval","","","","10.1007/978-3-319-16354-3_95","Frank HopfgartnerTorben Brodt","2015","http://link.springer.com/chapter/10.1007/978-3-319-16354-3_95","Chapter"
"A Personalized and Context-Aware News Offer for Mobile Devices","Web Information Systems and Technologies","","","","10.1007/978-3-319-30996-5_8","Toon De PessemierKris VanheckeLuc Martens","2016","http://link.springer.com/chapter/10.1007/978-3-319-30996-5_8","Chapter"
"News Recommendation with CF-IDF+","Advanced Information Systems Engineering","","","","10.1007/978-3-319-91563-0_11","Emma de KoningFrederik HogenboomFlavius Frasincar","2018","http://link.springer.com/chapter/10.1007/978-3-319-91563-0_11","Chapter"
"Inventive Systems and Control","Lecture Notes in Networks and Systems","","","","10.1007/978-981-16-1395-1","Prof. V. SumaProf. Dr. Joy Iong-Zong ChenDr. Zubair BaigDr. Haoxiang Wang","2021","http://link.springer.com/book/10.1007/978-981-16-1395-1","Book"
"VISCERAL: Evaluation-as-a-Service for Medical Imaging","Cloud-Based Benchmarking of Medical Image Analysis","","","","10.1007/978-3-319-49644-3_1","Allan HanburyHenning Müller","2017","http://link.springer.com/chapter/10.1007/978-3-319-49644-3_1","Chapter"
"Overview of NewsREEL’16: Multi-dimensional Evaluation of Real-Time Stream-Recommendation Algorithms","Experimental IR Meets Multilinguality, Multimodality, and Interaction","","","","10.1007/978-3-319-44564-9_27","Benjamin KilleAndreas LommatzschGebrekirstos G. GebremeskelFrank HopfgartnerMartha LarsonJonas SeilerDavide MalagoliAndrás SerényTorben BrodtArjen P. de Vries","2016","http://link.springer.com/chapter/10.1007/978-3-319-44564-9_27","Chapter"
"Semantics-Enabled User Interest Mining","The Semantic Web. Latest Advances and New Domains","","","","10.1007/978-3-319-18818-8_54","Fattane Zarrinkalam","2015","http://link.springer.com/chapter/10.1007/978-3-319-18818-8_54","Chapter"
"An Error Correction Methodology for Time Dependent Ontologies","Advanced Information Systems Engineering Workshops","","","","10.1007/978-3-642-22056-2_52","Brett DruryJ. J. AlmeidaM. H. M. Morais","2011","http://link.springer.com/chapter/10.1007/978-3-642-22056-2_52","Chapter"
"TUMS: Twitter-Based User Modeling Service","The Semantic Web: ESWC 2011 Workshops","","","","10.1007/978-3-642-25953-1_22","Ke TaoFabian AbelQi GaoGeert-Jan Houben","2012","http://link.springer.com/chapter/10.1007/978-3-642-25953-1_22","Chapter"
"Representing the Filter Bubble: Towards a Model to Diversification in News","Advances in Conceptual Modeling","","","","10.1007/978-3-030-34146-6_22","Gabriel Machado Lunardi","2019","http://link.springer.com/chapter/10.1007/978-3-030-34146-6_22","Chapter"
"Content Recommendation Based on Topic Modeling","Computational Methods and Data Engineering","","","","10.1007/978-981-15-6876-3_1","Sachin PapnejaKapil SharmaNitesh Khilwani","2021","http://link.springer.com/chapter/10.1007/978-981-15-6876-3_1","Chapter"
"Knowledge Graphs in Recommender Systems","Inventive Systems and Control","","","","10.1007/978-981-16-1395-1_1","T. K. NirikshaG. Aghila","2021","http://link.springer.com/chapter/10.1007/978-981-16-1395-1_1","Chapter"
"A proactive personalised mobile recommendation system using analytic hierarchy process and Bayesian network","Journal of Internet Services and Applications","","3","2","10.1007/s13174-012-0061-3","Kam Fung YeungYanyan YangDavid Ndzi","2012","http://link.springer.com/article/10.1007/s13174-012-0061-3","Article"
"Time-Sensitive Topic-Based Communities on Twitter","Advances in Artificial Intelligence","","","","10.1007/978-3-319-34111-8_25","Hossein FaniFattane ZarrinkalamEbrahim BagheriWeichang Du","2016","http://link.springer.com/chapter/10.1007/978-3-319-34111-8_25","Chapter"
"Discerning Relevant Model Features in a Content-based Collaborative Recommender System","Preference Learning","","","","10.1007/978-3-642-14125-6_20","Alejandro BellogínIván CantadorPablo CastellsÁlvaro Ortigosa","2011","http://link.springer.com/chapter/10.1007/978-3-642-14125-6_20","Chapter"
"Discovery Science","Lecture Notes in Computer Science","","","","10.1007/978-3-030-88942-5","Carlos SoaresLuis Torgo","2021","http://link.springer.com/book/10.1007/978-3-030-88942-5","Book"
"Optimization of Hypergraph Based News Recommendation by Binary Decision Tree","Intelligence Science and Big Data Engineering","","","","10.1007/978-3-030-02698-1_8","Wanrong GuXianfen XieYijun MaoYichen He","2018","http://link.springer.com/chapter/10.1007/978-3-030-02698-1_8","Chapter"
"Encyclopedia of GIS","","","","","10.1007/978-3-319-17885-1","Shashi ShekharHui XiongXun Zhou","2017","http://link.springer.com/referencework/10.1007/978-3-319-17885-1","ReferenceWork"
"Web Information Systems Engineering – WISE 2021","Lecture Notes in Computer Science","","","","10.1007/978-3-030-91560-5","Wenjie ZhangLei ZouProf. Dr. Zakaria MaamarDr. Lu Chen","2021","http://link.springer.com/book/10.1007/978-3-030-91560-5","Book"
"Session-aware news recommendations using random walks on time-evolving heterogeneous information networks","User Modeling and User-Adapted Interaction","","30","4","10.1007/s11257-020-09261-9","Panagiotis SymeonidisLidija KirjackajaMarkus Zanker","2020","http://link.springer.com/article/10.1007/s11257-020-09261-9","Article"
"Towards reproducibility in recommender-systems research","User Modeling and User-Adapted Interaction","","26","1","10.1007/s11257-016-9174-x","Joeran BeelCorinna BreitingerStefan LangerAndreas LommatzschBela Gipp","2016","http://link.springer.com/article/10.1007/s11257-016-9174-x","Article"
"News@hand: A Semantic Web Approach to Recommending News","Adaptive Hypermedia and Adaptive Web-Based Systems","","","","10.1007/978-3-540-70987-9_34","Iván CantadorAlejandro BellogínPablo Castells","2008","http://link.springer.com/chapter/10.1007/978-3-540-70987-9_34","Chapter"
"Semantic user profiling techniques for personalised multimedia recommendation","Multimedia Systems","","16","4 - 5","10.1007/s00530-010-0189-6","Frank HopfgartnerJoemon M. Jose","2010","http://link.springer.com/article/10.1007/s00530-010-0189-6","Article"
"A Taxonomy of Recommender Agents on the Internet","Artificial Intelligence Review","","19","4","10.1023/A:1022850703159","Miquel MontanerBeatriz LópezJosep Lluís de la Rosa","2003","http://link.springer.com/article/10.1023/A%3A1022850703159","Article"
"Multi-stakeholder News Recommendation Using Hypergraph Learning","ECML PKDD 2020 Workshops","","","","10.1007/978-3-030-65965-3_36","Alireza GharahighehiCeline VensKonstantinos Pliakos","2020","http://link.springer.com/chapter/10.1007/978-3-030-65965-3_36","Chapter"
"Evaluating Recommender Systems","Recommender Systems","","","","10.1007/978-3-319-29659-3_7","Charu C. Aggarwal","2016","http://link.springer.com/chapter/10.1007/978-3-319-29659-3_7","Chapter"
"Personalized News Recommendation Using Ontologies Harvested from the Web","Web-Age Information Management","","","","10.1007/978-3-642-38562-9_79","Junyang RaoAixia JiaYansong FengDongyan Zhao","2013","http://link.springer.com/chapter/10.1007/978-3-642-38562-9_79","Chapter"
"Cold Start in Recommender Systems—A Survey from Domain Perspective","Intelligent Data Communication Technologies and Internet of Things","","","","10.1007/978-981-15-9509-7_19","Rachna SethiMonica Mehrotra","2021","http://link.springer.com/chapter/10.1007/978-981-15-9509-7_19","Chapter"
"A survey on trustworthy model of recommender system","International Journal of System Assurance Engineering and Management","","","","10.1007/s13198-021-01085-z","Govind Kumar JhaManish GaurPreetish RanjanHardeo Kumar Thakur","2021","http://link.springer.com/article/10.1007/s13198-021-01085-z","Article"
"Affective recommender systems in online news industry: how emotions influence reading choices","User Modeling and User-Adapted Interaction","","29","2","10.1007/s11257-018-9213-x","Jan MizgajskiMikołaj Morzy","2019","http://link.springer.com/article/10.1007/s11257-018-9213-x","Article"
"Matching Recommendation Technologies and Domains","Recommender Systems Handbook","","","","10.1007/978-0-387-85820-3_11","Robin BurkeMaryam Ramezani","2011","http://link.springer.com/chapter/10.1007/978-0-387-85820-3_11","Chapter"
"Adaptive News Access","The Adaptive Web","","","","10.1007/978-3-540-72079-9_18","Daniel BillsusMichael J. Pazzani","2007","http://link.springer.com/chapter/10.1007/978-3-540-72079-9_18","Chapter"
"Aggregation Functions for Recommender Systems","Recommender Systems Handbook","","","","10.1007/978-1-4899-7637-6_23","Gleb BeliakovTomasa CalvoSimon James","2015","http://link.springer.com/chapter/10.1007/978-1-4899-7637-6_23","Chapter"
"Topic Tracking in News Streams Using Latent Factor Models","Innovations for Community Services","","","","10.1007/978-3-319-49466-1_12","Jens MeinersAndreas Lommatzsch","2016","http://link.springer.com/chapter/10.1007/978-3-319-49466-1_12","Chapter"
"Dynamic attention-integrated neural network for session-based news recommendation","Machine Learning","","108","10","10.1007/s10994-018-05777-9","Lemei ZhangPeng LiuJon Atle Gulla","2019","http://link.springer.com/article/10.1007/s10994-018-05777-9","Article"
"NCR-KG: news community recommendation with knowledge graph","CCF Transactions on Pervasive Computing and Interaction","","1","4","10.1007/s42486-019-00020-3","Liting BaiLin LiuShengli SongYueshen Xu","2019","http://link.springer.com/article/10.1007/s42486-019-00020-3","Article"
"Inferring user interests in microblogging social networks: a survey","User Modeling and User-Adapted Interaction","","28","3","10.1007/s11257-018-9207-8","Guangyuan PiaoJohn G. Breslin","2018","http://link.springer.com/article/10.1007/s11257-018-9207-8","Article"
"Recommender system architecture based on Mahout and a main memory database","The Journal of Supercomputing","","74","1","10.1007/s11227-017-2111-x","Zhegao PiaoSeong Joon YooYeong Hyeon GuJaechun NoZhiyan JiangHelin Yin","2018","http://link.springer.com/article/10.1007/s11227-017-2111-x","Article"
"Improving Rocchio Algorithm for Updating User Profile in Recommender Systems","Web Information Systems Engineering – WISE 2013","","","","10.1007/978-3-642-41230-1_14","Chong WangYao ShenHuan YangMinyi Guo","2013","http://link.springer.com/chapter/10.1007/978-3-642-41230-1_14","Chapter"
"Optimizing and Evaluating Stream-Based News Recommendation Algorithms","Experimental IR Meets Multilinguality, Multimodality, and Interaction","","","","10.1007/978-3-319-24027-5_40","Andreas LommatzschSebastian Werner","2015","http://link.springer.com/chapter/10.1007/978-3-319-24027-5_40","Chapter"
"Aggregation of Preferences in Recommender Systems","Recommender Systems Handbook","","","","10.1007/978-0-387-85820-3_22","Gleb BeliakovTomasa CalvoSimon James","2011","http://link.springer.com/chapter/10.1007/978-0-387-85820-3_22","Chapter"
"Research on Understanding the Effect of Deep Learning on User Preferences","Arabian Journal for Science and Engineering","","46","4","10.1007/s13369-020-05112-2","Garima GuptaRahul Katarya","2021","http://link.springer.com/article/10.1007/s13369-020-05112-2","Article"
"How do people judge the credibility of algorithmic sources?","AI & SOCIETY","","37","1","10.1007/s00146-021-01158-4","Donghee Shin","2022","http://link.springer.com/article/10.1007/s00146-021-01158-4","Article"
"Benchmark of Rule-Based Classifiers in the News Recommendation Task","Experimental IR Meets Multilinguality, Multimodality, and Interaction","","","","10.1007/978-3-319-24027-5_11","Tomáš KliegrJaroslav Kuchař","2015","http://link.springer.com/chapter/10.1007/978-3-319-24027-5_11","Chapter"
"Evaluating the effectiveness of explanations for recommender systems","User Modeling and User-Adapted Interaction","","22","4 - 5","10.1007/s11257-011-9117-5","Nava TintarevJudith Masthoff","2012","http://link.springer.com/article/10.1007/s11257-011-9117-5","Article"
"Resampling Approaches to Improve News Importance Prediction","Advances in Intelligent Data Analysis XIII","","","","10.1007/978-3-319-12571-8_19","Nuno MonizLuís TorgoFátima Rodrigues","2014","http://link.springer.com/chapter/10.1007/978-3-319-12571-8_19","Chapter"
"Content-Based Recommender Systems","Recommender Systems","","","","10.1007/978-3-319-29659-3_4","Charu C. Aggarwal","2016","http://link.springer.com/chapter/10.1007/978-3-319-29659-3_4","Chapter"
"Exploiting Big Data for Enhanced Representations in Content-Based Recommender Systems","E-Commerce and Web Technologies","","","","10.1007/978-3-642-39878-0_17","Fedelucio NarducciCataldo MustoGiovanni SemeraroPasquale LopsMarco de Gemmis","2013","http://link.springer.com/chapter/10.1007/978-3-642-39878-0_17","Chapter"
"Design, User Experience, and Usability. Design for Contemporary Interactive Environments","Lecture Notes in Computer Science","","","","10.1007/978-3-030-49760-6","Dr. Aaron MarcusElizabeth Rosenzweig","2020","http://link.springer.com/book/10.1007/978-3-030-49760-6","Book"
"Recommender Systems in Fashion and Retail","Lecture Notes in Electrical Engineering","","","","10.1007/978-3-030-94016-4","Prof. Nima DokoohakiShatha JaradatHumberto Jesús Corona PampínDr. Reza Shirvany","2022","http://link.springer.com/book/10.1007/978-3-030-94016-4","Book"
"Computing Science, Communication and Security","Communications in Computer and Information Science","","","","10.1007/978-3-030-76776-1","Nirbhay ChaubeySatyen ParikhKiran Amin","2021","http://link.springer.com/book/10.1007/978-3-030-76776-1","Book"
"Neural Information Processing","Lecture Notes in Computer Science","","","","10.1007/978-3-030-92185-9","Dr. Teddy MantoroMinho LeeMedia Anugerah AyuDr. Kok Wai WongDr. Achmad Nizar Hidayanto","2021","http://link.springer.com/book/10.1007/978-3-030-92185-9","Book"
"Information and Communication Technology for Competitive Strategies (ICTCS 2020)","Lecture Notes in Networks and Systems","","","","10.1007/978-981-16-0882-7","Prof. M. Shamim KaiserProf. Juanying XieProf. Dr. Vijay Singh Rathore","2021","http://link.springer.com/book/10.1007/978-981-16-0882-7","Book"
"Data and Information in Online Environments","Lecture Notes of the Institute for Computer Sciences, Social Informatics and Telecommunications Engineering","","","","10.1007/978-3-030-77417-2","Edgar Bisset Álvarez","2021","http://link.springer.com/book/10.1007/978-3-030-77417-2","Book"
"User Modeling, Adaption and Personalization","Lecture Notes in Computer Science","","","","10.1007/978-3-642-22362-4","Joseph A. KonstanRicardo ConejoJosé L. MarzoNuria Oliver","2011","http://link.springer.com/book/10.1007/978-3-642-22362-4","Book"
"Innovations in Cyber Physical Systems","Lecture Notes in Electrical Engineering","","","","10.1007/978-981-16-4149-7","Prof. Jawar SinghDr. Sudhir KumarDr. Umakanta Choudhury","2021","http://link.springer.com/book/10.1007/978-981-16-4149-7","Book"
"Smart Computing Techniques and Applications","Smart Innovation, Systems and Technologies","","","","10.1007/978-981-16-1502-3","Dr. Suresh Chandra SatapathyDr. Vikrant BhatejaProf. Margarita N. FavorskayaDr. T. Adilakshmi","2021","http://link.springer.com/book/10.1007/978-981-16-1502-3","Book"
"Media and Change Management","","","","","10.1007/978-3-030-86680-8","Prof. Dr. Matthias KarmasinProf. Dr. Sandra DiehlDr. Isabell Koinig","2022","http://link.springer.com/book/10.1007/978-3-030-86680-8","Book"
"Advances in Computational Collective Intelligence","Communications in Computer and Information Science","","","","10.1007/978-3-030-88113-9","Krystian WojtkiewiczProf. Dr. Jan TreurDr. Elias PimenidisMarcin Maleszka","2021","http://link.springer.com/book/10.1007/978-3-030-88113-9","Book"
"Ubiquitous Security","Communications in Computer and Information Science","","","","10.1007/978-981-19-0468-4","Guojun WangKim-Kwang Raymond ChooRyan K. L. KoYang XuBruno Crispo","2022","http://link.springer.com/book/10.1007/978-981-19-0468-4","Book"
"Human-Computer Interaction – INTERACT 2021","Lecture Notes in Computer Science","","","","10.1007/978-3-030-85610-6","Carmelo ArditoRosa LanzilottiAlessio MaliziaHelen PetrieAntonio PiccinnoDr. Giuseppe DesoldaKori Inkpen","2021","http://link.springer.com/book/10.1007/978-3-030-85610-6","Book"
"HCI in Business, Government and Organizations","Lecture Notes in Computer Science","","","","10.1007/978-3-030-50341-3","Dr. Fiona Fui-Hoon NahDr. Keng Siau","2020","http://link.springer.com/book/10.1007/978-3-030-50341-3","Book"
"Towards Open and Trustworthy Digital Societies","Lecture Notes in Computer Science","","","","10.1007/978-3-030-91669-5","Prof. Hao-Ren KeChei Sian LeeKazunari Sugiyama","2021","http://link.springer.com/book/10.1007/978-3-030-91669-5","Book"
"Wireless Algorithms, Systems, and Applications","Lecture Notes in Computer Science","","","","10.1007/978-3-030-85928-2","Zhe LiuFan WuProf. Sajal K. Das","2021","http://link.springer.com/book/10.1007/978-3-030-85928-2","Book"
"Heterogeneous Graph Representation Learning and Applications","Artificial Intelligence: Foundations, Theory, and Algorithms","","","","10.1007/978-981-16-6166-2","Prof. Chuan ShiProf. Xiao WangProf. Philip S. Yu","2022","http://link.springer.com/book/10.1007/978-981-16-6166-2","Book"
"CONCERT: A Concept-Centric Web News Recommendation System","Web-Age Information Management","","","","10.1007/978-3-642-38562-9_82","Hongda RenWei Feng","2013","http://link.springer.com/chapter/10.1007/978-3-642-38562-9_82","Chapter"
"An Adaptive Correlation Clustering-Based Recommender System for the Long-Tail Items","Smart Computing Techniques and Applications","","","","10.1007/978-981-16-1502-3_50","Soanpet Sree LakshmiT. AdiLakshmiBakshi Abhinith","2021","http://link.springer.com/chapter/10.1007/978-981-16-1502-3_50","Chapter"
"Survey and Evolution Study Focusing Comparative Analysis and Future Research Direction in the Field of Recommendation System Specific to Collaborative Filtering Approach","Information and Communication Technology for Intelligent Systems","","","","10.1007/978-981-13-1742-2_16","Axita PatelAmit ThakkarNirav BhattPurvi Prajapati","2019","http://link.springer.com/chapter/10.1007/978-981-13-1742-2_16","Chapter"
"Preface","User Modeling and User-Adapted Interaction","","10","2 - 3","10.1023/A:1026784506325","Sandra Carberry","2000","http://link.springer.com/article/10.1023/A%3A1026784506325","Article"
"Recommender System Based on OSN Data Analytics","Information and Communication Technology for Intelligent Systems","","","","10.1007/978-981-13-1747-7_19","Aysha KhanRashid Ali","2019","http://link.springer.com/chapter/10.1007/978-981-13-1747-7_19","Chapter"
"Machine Learning","Intelligent Systems","","","","10.1007/978-3-642-21004-4_10","Crina GrosanAjith Abraham","2011","http://link.springer.com/chapter/10.1007/978-3-642-21004-4_10","Chapter"
"A Survey of Recommender Systems in Twitter","Social Informatics","","","","10.1007/978-3-642-35386-4_31","Su Mon KyweEe-Peng LimFeida Zhu","2012","http://link.springer.com/chapter/10.1007/978-3-642-35386-4_31","Chapter"
"A Survey on Recommender Systems for News Data","Smart Information and Knowledge Management","","","","10.1007/978-3-642-04584-4_6","Hugo L. BorgesAna C. Lorena","2010","http://link.springer.com/chapter/10.1007/978-3-642-04584-4_6","Chapter"
"First Place Solution for NLPCC 2018 Shared Task User Profiling and Recommendation","Natural Language Processing and Chinese Computing","","","","10.1007/978-3-319-99501-4_2","Qiaojing XieYuqian WangZhenjing XuKaidong YuChen WeiZhiChen Yu","2018","http://link.springer.com/chapter/10.1007/978-3-319-99501-4_2","Chapter"
"Opinions Analysis in Social Networks for Cultural Heritage Applications","Intelligent Interactive Multimedia Systems and Services 2016","","","","10.1007/978-3-319-39345-2_51","Flora AmatoGiovanni CozzolinoSergio Di MartinoAntonino MazzeoVincenzo MoscatoAntonio PicarielloSara RomanoGiancarlo Sperlí","2016","http://link.springer.com/chapter/10.1007/978-3-319-39345-2_51","Chapter"
"Application of News Features in News Recommendation Methods: A Survey","Data Science","","","","10.1007/978-981-15-7984-4_9","Jing QinPeng Lu","2020","http://link.springer.com/chapter/10.1007/978-981-15-7984-4_9","Chapter"
"Optimizing the recency-relevance-diversity trade-offs in non-personalized news recommendations","Information Retrieval Journal","","22","5","10.1007/s10791-019-09351-2","Abhijnan ChakrabortySaptarshi GhoshNiloy GangulyKrishna P. Gummadi","2019","http://link.springer.com/article/10.1007/s10791-019-09351-2","Article"
"Fake news detection based on news content and social contexts: a transformer-based approach","International Journal of Data Science and Analytics","","","","10.1007/s41060-021-00302-z","Shaina RazaChen Ding","2022","http://link.springer.com/article/10.1007/s41060-021-00302-z","Article"
"STRS: Social Network Based Recommender System for Tourism Enhanced with Trust","International Symposium on Distributed Computing and Artificial Intelligence 2008 (DCAI 2008)","","","","10.1007/978-3-540-85863-8_10","Fabian BustosJuan LópezVicente JuliánMiguel Rebollo","2009","http://link.springer.com/chapter/10.1007/978-3-540-85863-8_10","Chapter"
"Improving accountability in recommender systems research through reproducibility","User Modeling and User-Adapted Interaction","","31","5","10.1007/s11257-021-09302-x","Alejandro BellogínAlan Said","2021","http://link.springer.com/article/10.1007/s11257-021-09302-x","Article"
"Time-Decaying Bandits for Non-stationary Systems","Web and Internet Economics","","","","10.1007/978-3-319-13129-0_40","Junpei KomiyamaTao Qin","2014","http://link.springer.com/chapter/10.1007/978-3-319-13129-0_40","Chapter"
"Semantics-Aware Content-Based Recommender Systems","Recommender Systems Handbook","","","","10.1007/978-1-4899-7637-6_4","Marco de GemmisPasquale LopsCataldo MustoFedelucio NarducciGiovanni Semeraro","2015","http://link.springer.com/chapter/10.1007/978-1-4899-7637-6_4","Chapter"
"Contextual Modelling in Context-Aware Recommender Systems: A Generic Approach","Web Information Systems Engineering – WISE 2011 and 2012 Workshops","","","","10.1007/978-3-642-38333-5_6","Christos MettourisGeorge A. Papadopoulos","2013","http://link.springer.com/chapter/10.1007/978-3-642-38333-5_6","Chapter"
"Reputation-Enhanced Recommender Systems","Trust Management XI","","","","10.1007/978-3-319-59171-1_13","Christian RichthammerMichael WeberGünther Pernul","2017","http://link.springer.com/chapter/10.1007/978-3-319-59171-1_13","Chapter"
"Context-Aware Collaborative Data Stream Mining in Ubiquitous Devices","Advances in Intelligent Data Analysis X","","","","10.1007/978-3-642-24800-9_5","João Bártolo GomesMohamed Medhat GaberPedro A. C. SousaErnestina Menasalvas","2011","http://link.springer.com/chapter/10.1007/978-3-642-24800-9_5","Chapter"
"SSLE: A framework for evaluating the “Filter Bubble” effect on the news aggregator and recommenders","World Wide Web","","","","10.1007/s11280-022-01031-4","Han HanCan WangYunwei ZhaoMin ShuWenlei WangYong Min","2022","http://link.springer.com/article/10.1007/s11280-022-01031-4","Article"
"Feeding a Hybrid Recommendation Framework with Linked Open Data and Graph-Based Features","AI*IA 2017 Advances in Artificial Intelligence","","","","10.1007/978-3-319-70169-1_17","Cataldo MustoPasquale LopsMarco de GemmisGiovanni Semeraro","2017","http://link.springer.com/chapter/10.1007/978-3-319-70169-1_17","Chapter"
"Stream-Based Recommendation for Enterprise Social Media Streams","Business Information Systems","","","","10.1007/978-3-642-38366-3_15","Torsten LunzePhilipp KatzDirk RöhrbornAlexander Schill","2013","http://link.springer.com/chapter/10.1007/978-3-642-38366-3_15","Chapter"
"Designing and Evaluating Explanations for Recommender Systems","Recommender Systems Handbook","","","","10.1007/978-0-387-85820-3_15","Nava TintarevJudith Masthoff","2011","http://link.springer.com/chapter/10.1007/978-0-387-85820-3_15","Chapter"
"Parallel Implementation of a Bug Report Assignment Recommender Using Deep Learning","Artificial Neural Networks and Machine Learning – ICANN 2017","","","","10.1007/978-3-319-68612-7_8","Adrian-Cătălin FloreaJohn AnvikRăzvan Andonie","2017","http://link.springer.com/chapter/10.1007/978-3-319-68612-7_8","Chapter"
"User Modelling for Personalized Question Answering","AI*IA 2007: Artificial Intelligence and Human-Oriented Computing","","","","10.1007/978-3-540-74782-6_34","Silvia QuarteroniSuresh Manandhar","2007","http://link.springer.com/chapter/10.1007/978-3-540-74782-6_34","Chapter"
"What Happened in CLEF
                  
                    
                  
                  $$\ldots $$
                 For a While?","Experimental IR Meets Multilinguality, Multimodality, and Interaction","","","","10.1007/978-3-030-28577-7_1","Nicola Ferro","2019","http://link.springer.com/chapter/10.1007/978-3-030-28577-7_1","Chapter"
"A Mobile-Based System for Context-Aware Music Recommendations","Artificial Intelligence Applications and Innovations","","","","10.1007/978-3-642-33412-2_53","Börje F. KarlssonKarla OkadaTomaz Noleto","2012","http://link.springer.com/chapter/10.1007/978-3-642-33412-2_53","Chapter"
"PolyRecs: Improving Page–View Rates Using Real-Time Data Analysis","Real-Time Business Intelligence and Analytics","","","","10.1007/978-3-030-24124-7_7","Mihalis PapakonstantinouAlex Delis","2019","http://link.springer.com/chapter/10.1007/978-3-030-24124-7_7","Chapter"
"Group Recommender Systems: Combining Individual Models","Recommender Systems Handbook","","","","10.1007/978-0-387-85820-3_21","Judith Masthoff","2011","http://link.springer.com/chapter/10.1007/978-0-387-85820-3_21","Chapter"
"A GPU-oriented online recommendation algorithm for efficient processing of time-varying continuous data streams","Knowledge and Information Systems","","53","3","10.1007/s10115-016-0967-3","Chandima HewaNadungodageYuni XiaJohn Jaehwan Lee","2017","http://link.springer.com/article/10.1007/s10115-016-0967-3","Article"
"Neural news recommendation with negative feedback","CCF Transactions on Pervasive Computing and Interaction","","2","3","10.1007/s42486-020-00044-0","Chuhan WuFangzhao WuYongfeng HuangXing Xie","2020","http://link.springer.com/article/10.1007/s42486-020-00044-0","Article"
"A Recommendation System for the Semantic Web","Distributed Computing and Artificial Intelligence","","","","10.1007/978-3-642-14883-5_6","Victor CodinaLuigi Ceccaroni","2010","http://link.springer.com/chapter/10.1007/978-3-642-14883-5_6","Chapter"
"Learning to Rank for Personalised Fashion Recommender Systems via Implicit Feedback","Mining Intelligence and Knowledge Exploration","","","","10.1007/978-3-319-13817-6_6","Hai Thanh NguyenThomas AlmenningenMartin HavigHerman SchistadAnders Kofod-PetersenHelge LangsethHeri Ramampiaro","2014","http://link.springer.com/chapter/10.1007/978-3-319-13817-6_6","Chapter"
"Recommender systems and their ethical challenges","AI & SOCIETY","","35","4","10.1007/s00146-020-00950-y","Silvia MilanoMariarosaria TaddeoLuciano Floridi","2020","http://link.springer.com/article/10.1007/s00146-020-00950-y","Article"
"Enhancing online video recommendation using social user interactions","The VLDB Journal","","26","5","10.1007/s00778-017-0469-2","Xiangmin ZhouLei ChenYanchun ZhangDong QinLongbing CaoGuangyan HuangChen Wang","2017","http://link.springer.com/article/10.1007/s00778-017-0469-2","Article"
"The Representation for All Model: An Agent-Based Collaborative Method for More Meaningful Citizen Participation in Urban Planning","Computational Science and Its Applications – ICCSA 2013","","","","10.1007/978-3-642-39646-5_24","Maria-Lluïsa Marsal-LlacunaJosep-Lluís de la Rosa-Esteva","2013","http://link.springer.com/chapter/10.1007/978-3-642-39646-5_24","Chapter"
"Topic specific emotion detection for retweet prediction","International Journal of Machine Learning and Cybernetics","","10","8","10.1007/s13042-018-0798-5","Syeda Nadia FirdausChen DingAlireza Sadeghian","2019","http://link.springer.com/article/10.1007/s13042-018-0798-5","Article"
"Facebook single and cross domain data for recommendation systems","User Modeling and User-Adapted Interaction","","23","2 - 3","10.1007/s11257-012-9128-x","Bracha ShapiraLior RokachShirley Freilikhman","2013","http://link.springer.com/article/10.1007/s11257-012-9128-x","Article"
"A Semantic Pattern-Based Recommender","Semantic Web Evaluation Challenge","","","","10.1007/978-3-319-12024-9_24","Valentina MaccatrozzoDavide CeolinLora AroyoPaul Groth","2014","http://link.springer.com/chapter/10.1007/978-3-319-12024-9_24","Chapter"
"Introduction to Recommender Systems Handbook","Recommender Systems Handbook","","","","10.1007/978-0-387-85820-3_1","Francesco RicciLior RokachBracha Shapira","2011","http://link.springer.com/chapter/10.1007/978-0-387-85820-3_1","Chapter"
"Serendipity in Recommender Systems: A Systematic Literature Review","Journal of Computer Science and Technology","","36","2","10.1007/s11390-020-0135-9","Reza Jafari ZiaraniReza Ravanmehr","2021","http://link.springer.com/article/10.1007/s11390-020-0135-9","Article"
"Contextual eVSM: A Content-Based Context-Aware Recommendation Framework Based on Distributional Semantics","E-Commerce and Web Technologies","","","","10.1007/978-3-642-39878-0_12","Cataldo MustoGiovanni SemeraroPasquale LopsMarco de Gemmis","2013","http://link.springer.com/chapter/10.1007/978-3-642-39878-0_12","Chapter"
"A Hybrid Model for Recommendation Systems","Advances in Intelligent Information Hiding and Multimedia Signal Processing","","","","10.1007/978-981-33-6757-9_40","Thi-Linh HoAnh-Cuong LeDinh-Hong Vu","2021","http://link.springer.com/chapter/10.1007/978-981-33-6757-9_40","Chapter"
"How Fake News Affect Trust in the Output of a Machine Learning System for News Curation","Disinformation in Open Online Media","","","","10.1007/978-3-030-61841-4_2","Hendrik HeuerAndreas Breiter","2020","http://link.springer.com/chapter/10.1007/978-3-030-61841-4_2","Chapter"
"Research directions in session-based and sequential recommendation","User Modeling and User-Adapted Interaction","","30","4","10.1007/s11257-020-09274-4","Dietmar JannachBamshad MobasherShlomo Berkovsky","2020","http://link.springer.com/article/10.1007/s11257-020-09274-4","Article"
"Using Evolving Agents to Critique Subjective Music Compositions","Computational Intelligence and Security","","","","10.1007/978-3-540-74377-4_36","Chuen-Tsai SunJi-Lung HsiehChung-Yuan Huang","2007","http://link.springer.com/chapter/10.1007/978-3-540-74377-4_36","Chapter"
"Explorative Analysis of Recommendations Through Interactive Visualization","E-Commerce and Web Technologies","","","","10.1007/978-3-319-53676-7_4","Christian RichthammerGünther Pernul","2017","http://link.springer.com/chapter/10.1007/978-3-319-53676-7_4","Chapter"
"PerceptRank: A Real-Time Learning to Rank Recommender System for Online Interactive Platforms","On the Move to Meaningful Internet Systems. OTM 2018 Conferences","","","","10.1007/978-3-030-02671-4_3","Hemza FicelMohamed Ramzi HaddadHajer Baazaoui Zghal","2018","http://link.springer.com/chapter/10.1007/978-3-030-02671-4_3","Chapter"
"News Recommendation Using Semantics with the Bing-SF-IDF Approach","Advances in Conceptual Modeling","","","","10.1007/978-3-319-14139-8_18","Frederik HogenboomMichel CapelleMarnix Moerland","2014","http://link.springer.com/chapter/10.1007/978-3-319-14139-8_18","Chapter"
"A survey of autoencoder-based recommender systems","Frontiers of Computer Science","","14","2","10.1007/s11704-018-8052-6","Guijuan ZhangYang LiuXiaoning Jin","2020","http://link.springer.com/article/10.1007/s11704-018-8052-6","Article"
"A Framework for Recommendation of Highly Popular News Lacking Social Feedback","New Generation Computing","","35","4","10.1007/s00354-017-0019-x","Nuno MonizLuís TorgoMagdalini EirinakiPaula Branco","2017","http://link.springer.com/article/10.1007/s00354-017-0019-x","Article"
"Computers That Negotiate on Our Behalf: Major Challenges for Self-sufficient, Self-directed, and Interdependent Negotiating Agents","Autonomous Agents and Multiagent Systems","","","","10.1007/978-3-319-71679-4_10","Tim BaarslagMichael KaisersEnrico H. GerdingCatholijn M. JonkerJonathan Gratch","2017","http://link.springer.com/chapter/10.1007/978-3-319-71679-4_10","Chapter"
"Market-Based Recommender Systems: Learning Users’ Interests by Quality Classification","Agent-Oriented Information Systems II","","","","10.1007/11426714_4","Yan Zheng WeiLuc MoreauNicholas R. Jennings","2005","http://link.springer.com/chapter/10.1007/11426714_4","Chapter"
"News Popularity Prediction with Local-Global Long-Short-Term Embedding","Web Information Systems Engineering – WISE 2021","","","","10.1007/978-3-030-91560-5_6","Shuai FanChen LinHui LiQuan Zou","2021","http://link.springer.com/chapter/10.1007/978-3-030-91560-5_6","Chapter"
"Recommended for You: “You Don’t Need No Thought Control”. An Analysis of News Personalisation in Light of Article 22 GDPR","Privacy and Identity Management. Data for Better Living: AI and Privacy","","","","10.1007/978-3-030-42504-3_13","Judith Vermeulen","2020","http://link.springer.com/chapter/10.1007/978-3-030-42504-3_13","Chapter"
"A topic recommender for journalists","Information Retrieval Journal","","22","1 - 2","10.1007/s10791-018-9333-2","Alessandro CucchiarelliChristian MorbidoniGiovanni StiloPaola Velardi","2019","http://link.springer.com/article/10.1007/s10791-018-9333-2","Article"
"Context-Aware Recommender Systems","Recommender Systems Handbook","","","","10.1007/978-0-387-85820-3_7","Gediminas AdomaviciusAlexander Tuzhilin","2011","http://link.springer.com/chapter/10.1007/978-0-387-85820-3_7","Chapter"
"Analyzing User Modeling on Twitter for Personalized News Recommendations","User Modeling, Adaption and Personalization","","","","10.1007/978-3-642-22362-4_1","Fabian AbelQi GaoGeert-Jan HoubenKe Tao","2011","http://link.springer.com/chapter/10.1007/978-3-642-22362-4_1","Chapter"
"Social movie recommender system based on deep autoencoder network using Twitter data","Neural Computing and Applications","","33","5","10.1007/s00521-020-05085-1","Hossein TahmasebiReza RavanmehrRezvan Mohamadrezaei","2021","http://link.springer.com/article/10.1007/s00521-020-05085-1","Article"
"Sequence-Based Recommendation with Bidirectional LSTM Network","Advances in Multimedia Information Processing – PCM 2018","","","","10.1007/978-3-030-00764-5_39","Hailin FuJianguo LiJiemin ChenYong TangJia Zhu","2018","http://link.springer.com/chapter/10.1007/978-3-030-00764-5_39","Chapter"
"Web page recommendation via twofold clustering: considering user behavior and topic relation","Neural Computing and Applications","","29","1","10.1007/s00521-016-2444-z","Xianfen XieBinhui Wang","2018","http://link.springer.com/article/10.1007/s00521-016-2444-z","Article"
"Preference-based reinforcement learning: a formal framework and a policy iteration algorithm","Machine Learning","","89","1 - 2","10.1007/s10994-012-5313-8","Johannes FürnkranzEyke HüllermeierWeiwei ChengSang-Hyeun Park","2012","http://link.springer.com/article/10.1007/s10994-012-5313-8","Article"
"Journal Recommendation System Using Content-Based Filtering","Recent Developments in Machine Learning and Data Analytics","","","","10.1007/978-981-13-1280-9_9","Sonal JainHarshita KhangarotShivank Singh","2019","http://link.springer.com/chapter/10.1007/978-981-13-1280-9_9","Chapter"
"Toward Building a Content-Based Video Recommendation System Based on Low-Level Features","E-Commerce and Web Technologies","","","","10.1007/978-3-319-27729-5_4","Yashar DeldjooMehdi ElahiMassimo QuadranaPaolo Cremonesi","2015","http://link.springer.com/chapter/10.1007/978-3-319-27729-5_4","Chapter"
"Improving News Personalization Through Search Logs","Bias and Social Aspects in Search and Recommendation","","","","10.1007/978-3-030-52485-2_14","Xiao BaiB. Barla CambazogluFrancesco GulloAmin MantrachFabrizio Silvestri","2020","http://link.springer.com/chapter/10.1007/978-3-030-52485-2_14","Chapter"
"FreeRec: An Anonymous and Distributed Personalization Architecture","Networked Systems","","","","10.1007/978-3-642-40148-0_5","Antoine BoutetDavide FreyArnaud JégouAnne-Marie KermarrecHeverson B. Ribeiro","2013","http://link.springer.com/chapter/10.1007/978-3-642-40148-0_5","Chapter"
"HeteGraph: graph learning in recommender systems via graph convolutional networks","Neural Computing and Applications","","","","10.1007/s00521-020-05667-z","Dai Hoang TranQuan Z. ShengWei Emma ZhangAbdulwahab AljubairyMunazza ZaibSalma Abdalla HamadNguyen H. TranNguyen Lu Dang Khoa","2021","http://link.springer.com/article/10.1007/s00521-020-05667-z","Article"
"Heterogeneous Graph Representation for Text Mining","Heterogeneous Graph Representation Learning and Applications","","","","10.1007/978-981-16-6166-2_8","Chuan ShiXiao WangPhilip S. Yu","2022","http://link.springer.com/chapter/10.1007/978-981-16-6166-2_8","Chapter"
"How to Get the Recommender Out of the Lab?","Recommender Systems Handbook","","","","10.1007/978-0-387-85820-3_10","Jérome PicaultMyriam RibièreDavid BonnefoyKevin Mercer","2011","http://link.springer.com/chapter/10.1007/978-0-387-85820-3_10","Chapter"
"Leveraging Linked Data Analysis for Semantic Recommender Systems","The Semantic Web: Research and Applications","","","","10.1007/978-3-642-30284-8_64","Andreas Thalhammer","2012","http://link.springer.com/chapter/10.1007/978-3-642-30284-8_64","Chapter"
"Behave: Behavioral Cache for Web Content","Distributed Applications and Interoperable Systems","","","","10.1007/978-3-662-43352-2_8","Davide FreyMathieu GoessensAnne-Marie Kermarrec","2014","http://link.springer.com/chapter/10.1007/978-3-662-43352-2_8","Chapter"
"Recommender Systems and the Social Web","Advances in User Modeling","","","","10.1007/978-3-642-28509-7_7","Amit TiroshiTsvi KuflikJudy KayBob Kummerfeld","2012","http://link.springer.com/chapter/10.1007/978-3-642-28509-7_7","Chapter"
"Optimizing novelty and diversity in recommendations","Progress in Artificial Intelligence","","8","1","10.1007/s13748-018-0158-4","Jorge DíezDavid Martínez-RegoAmparo Alonso-BetanzosOscar LuacesAntonio Bahamonde","2019","http://link.springer.com/article/10.1007/s13748-018-0158-4","Article"
"Myrror: a platform for holistic user modeling","User Modeling and User-Adapted Interaction","","30","3","10.1007/s11257-020-09272-6","Cataldo MustoMarco PolignanoGiovanni SemeraroMarco de GemmisPasquale Lops","2020","http://link.springer.com/article/10.1007/s11257-020-09272-6","Article"
"Tracking the evolution of social emotions with topic models","Knowledge and Information Systems","","47","3","10.1007/s10115-015-0865-0","Chen ZhuHengshu ZhuYong GeEnhong ChenQi LiuTong XuHui Xiong","2016","http://link.springer.com/article/10.1007/s10115-015-0865-0","Article"
"Group Recommender Systems: Aggregation, Satisfaction and Group Attributes","Recommender Systems Handbook","","","","10.1007/978-1-4899-7637-6_22","Judith Masthoff","2015","http://link.springer.com/chapter/10.1007/978-1-4899-7637-6_22","Chapter"
"What is of interest for tourists in an alpine destination: personalized recommendations for daily activities based on view data","Journal of Ambient Intelligence and Humanized Computing","","11","11","10.1007/s12652-019-01619-1","Tahir MajeedAline StämpfliAndreas LiebrichRené Meier","2020","http://link.springer.com/article/10.1007/s12652-019-01619-1","Article"
"Context aware personalized content recommendation using ontology based spreading activation","International Journal of Information Technology","","10","2","10.1007/s41870-017-0052-5","Sachin PapnejaKapil SharmaNitesh Khilwani","2018","http://link.springer.com/article/10.1007/s41870-017-0052-5","Article"
"Mobile Travel Tour Recommendation","Encyclopedia of GIS","","","","10.1007/978-3-319-23519-6_1519-1","Qi Liu","2015","http://link.springer.com/referenceworkentry/10.1007/978-3-319-23519-6_1519-1","ReferenceWorkEntry"
"Automatic Adaptation and Recommendation of News Reports Using Surface-Based Methods","Highlights on Practical Applications of Agents and Multi-Agent Systems","","","","10.1007/978-3-642-28762-6_9","Joel AzzopardiChristopher Staff","2012","http://link.springer.com/chapter/10.1007/978-3-642-28762-6_9","Chapter"
"Hybrid bio-inspired user clustering for the generation of diversified recommendations","Neural Computing and Applications","","32","7","10.1007/s00521-019-04128-6","R. LogeshV. SubramaniyaswamyV. VijayakumarXiao-Zhi GaoGai-Ge Wang","2020","http://link.springer.com/article/10.1007/s00521-019-04128-6","Article"
"NewsRec, a Personal Recommendation System for News Websites","Classification — the Ubiquitous Challenge","","","","10.1007/3-540-28084-7_45","Christian BomhardtWolfgang Gaul","2005","http://link.springer.com/chapter/10.1007/3-540-28084-7_45","Chapter"
"Mobile Travel Tour Recommendation","Encyclopedia of GIS","","","","10.1007/978-3-319-17885-1_1519","Qi Liu","2017","http://link.springer.com/referenceworkentry/10.1007/978-3-319-17885-1_1519","ReferenceWorkEntry"
"FStream: A Decentralized and Social Music Streamer","Networked Systems","","","","10.1007/978-3-642-40148-0_19","Antoine BoutetKonstantinos KloudasAnne-Marie Kermarrec","2013","http://link.springer.com/chapter/10.1007/978-3-642-40148-0_19","Chapter"
"RETRACTED ARTICLE: A joint model for analyzing topic and sentiment dynamics from large-scale online news","World Wide Web","","21","4","10.1007/s11280-017-0474-9","Peng LiuJon Atle GullaLemei Zhang","2018","http://link.springer.com/article/10.1007/s11280-017-0474-9","Article"
"On Recommender Systems","Social Web Artifacts for Boosting Recommenders","","","","10.1007/978-3-319-00527-0_2","Cai-Nicolas Ziegler","2013","http://link.springer.com/chapter/10.1007/978-3-319-00527-0_2","Chapter"
"Cheap and Cheerful: Trading Speed and Quality for Scalable Social-Recommenders","Distributed Applications and Interoperable Systems","","","","10.1007/978-3-319-19129-4_11","Anne-Marie KermarrecFrançois TaïaniJuan M. Tirado","2015","http://link.springer.com/chapter/10.1007/978-3-319-19129-4_11","Chapter"
"Inferring Implicit Topical Interests on Twitter","Advances in Information Retrieval","","","","10.1007/978-3-319-30671-1_35","Fattane ZarrinkalamHossein FaniEbrahim BagheriMohsen Kahani","2016","http://link.springer.com/chapter/10.1007/978-3-319-30671-1_35","Chapter"
"Construction of a Local Domain Ontology from News Stories","Progress in Artificial Intelligence","","","","10.1007/978-3-642-04686-5_33","Brett DruryJ. J. Almeida","2009","http://link.springer.com/chapter/10.1007/978-3-642-04686-5_33","Chapter"
"What Recommenders Recommend – An Analysis of Accuracy, Popularity, and Sales Diversity Effects","User Modeling, Adaptation, and Personalization","","","","10.1007/978-3-642-38844-6_3","Dietmar JannachLukas LercheFatih GedikliGeoffray Bonnin","2013","http://link.springer.com/chapter/10.1007/978-3-642-38844-6_3","Chapter"
"Reproducibility and Validity in CLEF","Information Retrieval Evaluation in a Changing World","","","","10.1007/978-3-030-22948-1_23","Norbert Fuhr","2019","http://link.springer.com/chapter/10.1007/978-3-030-22948-1_23","Chapter"
"Building Context-Aware Group Recommendations in E-Learning Systems","Computational Collective Intelligence. Technologies and Applications","","","","10.1007/978-3-642-23935-9_13","Danuta Zakrzewska","2011","http://link.springer.com/chapter/10.1007/978-3-642-23935-9_13","Chapter"
"Big Data Analytics Based Recommender System for Value Added Services (VAS)","Proceedings of Sixth International Conference on Soft Computing for Problem Solving","","","","10.1007/978-981-10-3325-4_14","Inderpreet SinghKaran Vijay SinghSukhpal Singh","2017","http://link.springer.com/chapter/10.1007/978-981-10-3325-4_14","Chapter"
"Impersonate human decision making process: an interactive context-aware recommender system","Journal of Intelligent Information Systems","","47","2","10.1007/s10844-016-0401-z","Chen-Shu WangShiang-Lin LinHeng-Li Yang","2016","http://link.springer.com/article/10.1007/s10844-016-0401-z","Article"
"On the Effectiveness of Punishments in a Repeated Epidemic Dissemination Game","Stabilization, Safety, and Security of Distributed Systems","","","","10.1007/978-3-319-03089-0_15","Xavier VilaçaLuís Rodrigues","2013","http://link.springer.com/chapter/10.1007/978-3-319-03089-0_15","Chapter"
"Smart places: Multi-agent based smart mobile virtual community management system","Applied Intelligence","","41","4","10.1007/s10489-014-0569-2","Muhammad FahadOlivier BoissierPierre MaretNejib MoallaChristophe Gravier","2014","http://link.springer.com/article/10.1007/s10489-014-0569-2","Article"
"Towards responsible media recommendation","AI and Ethics","","","","10.1007/s43681-021-00107-7","Mehdi ElahiDietmar JannachLars SkjærvenErik KnudsenHelle SjøvaagKristian TolonenØyvind HolmstadIgor PipkinEivind ThrondsenAgnes StenbomEivind FiskerudAdrian OeschLoek VredenbergChristoph Trattner","2021","http://link.springer.com/article/10.1007/s43681-021-00107-7","Article"
"Responsible media technology and AI: challenges and research directions","AI and Ethics","","","","10.1007/s43681-021-00126-4","Christoph TrattnerDietmar JannachEnrico MottaIrene Costera MeijerNicholas DiakopoulosMehdi ElahiAndreas L. OpdahlBjørnar TessemNjål BorchMorten FjeldLilja ØvrelidKoenraad De SmedtHallvard Moe","2021","http://link.springer.com/article/10.1007/s43681-021-00126-4","Article"
"Semantic-Based Recommender System with Human Feeling Relevance Measure","Intelligent Systems in Science and Information 2014","","","","10.1007/978-3-319-14654-6_11","David WernerThomas HassanAurelie BertauxChristophe CruzNuno Silva","2015","http://link.springer.com/chapter/10.1007/978-3-319-14654-6_11","Chapter"
"Combining Distributional Semantics and Entity Linking for Context-Aware Content-Based Recommendation","User Modeling, Adaptation, and Personalization","","","","10.1007/978-3-319-08786-3_34","Cataldo MustoGiovanni SemeraroPasquale LopsMarco de Gemmis","2014","http://link.springer.com/chapter/10.1007/978-3-319-08786-3_34","Chapter"
"User interface patterns in recommendation-empowered content intensive multimedia applications","Multimedia Tools and Applications","","76","4","10.1007/s11042-016-3946-5","Paolo CremonesiMehdi ElahiFranca Garzotto","2017","http://link.springer.com/article/10.1007/s11042-016-3946-5","Article"
"A Study of Tag-Based Recipe Recommendations for Users in Different Age Groups","Emerging Technologies for Education","","","","10.1007/978-3-319-52836-6_33","Wei ChenZhemin Li","2017","http://link.springer.com/chapter/10.1007/978-3-319-52836-6_33","Chapter"
"An Eclipse Plugin to Support Agile Reuse","Extreme Programming and Agile Processes in Software Engineering","","","","10.1007/11499053_19","Frank McCareyMel Ó CinnéideNicholas Kushmerick","2005","http://link.springer.com/chapter/10.1007/11499053_19","Chapter"
"TSCMF: Temporal and social collective matrix factorization model for recommender systems","Journal of Intelligent Information Systems","","56","1","10.1007/s10844-020-00613-w","Hamidreza TahmasbiMehrdad JalaliHassan Shakeri","2021","http://link.springer.com/article/10.1007/s10844-020-00613-w","Article"
"Toward a web-based multi-criteria decision support system for the layered evaluation of interactive adaptive systems","Universal Access in the Information Society","","","","10.1007/s10209-021-00850-y","Amira DhouibChristophe KolskiMahmoud Neji","2021","http://link.springer.com/article/10.1007/s10209-021-00850-y","Article"
"Collaborative filtering in dynamic networks based on deep auto-encoder","The Journal of Supercomputing","","","","10.1007/s11227-021-04178-5","Shiva JalaliMonireh Hosseini","2021","http://link.springer.com/article/10.1007/s11227-021-04178-5","Article"
"User Modeling on Twitter with Exploiting Explicit Relationships for Personalized Recommendations","Hybrid Intelligent Systems","","","","10.1007/978-3-030-14347-3_14","Abdullah AlshammariStelios KapetanakisRoger EvansNikolaos PolatidisGharbi Alshammari","2020","http://link.springer.com/chapter/10.1007/978-3-030-14347-3_14","Chapter"
"Session-based item recommendation in e-commerce: on short-term intents, reminders, trends and discounts","User Modeling and User-Adapted Interaction","","27","3 - 5","10.1007/s11257-017-9194-1","Dietmar JannachMalte LudewigLukas Lerche","2017","http://link.springer.com/article/10.1007/s11257-017-9194-1","Article"
"Neighborhood-Based Collaborative Filtering","Recommender Systems","","","","10.1007/978-3-319-29659-3_2","Charu C. Aggarwal","2016","http://link.springer.com/chapter/10.1007/978-3-319-29659-3_2","Chapter"
"Personalized Information Access Using Semantic Knowledge","Smart Information Systems","","","","10.1007/978-3-319-14178-7_7","Till PlumbaumAndreas Lommatzsch","2015","http://link.springer.com/chapter/10.1007/978-3-319-14178-7_7","Chapter"
"Evaluation Infrastructures for Academic Shared Tasks","Datenbank-Spektrum","","20","1","10.1007/s13222-020-00335-x","Johann SchaibleTimo BreuerNarges TavakolpoursalehBernd MüllerBenjamin WolffPhilipp Schaer","2020","http://link.springer.com/article/10.1007/s13222-020-00335-x","Article"
"Subprofile-aware diversification of recommendations","User Modeling and User-Adapted Interaction","","29","3","10.1007/s11257-019-09235-6","Mesut KayaDerek Bridge","2019","http://link.springer.com/article/10.1007/s11257-019-09235-6","Article"
"Redefining News Delivery—A Case Study of Communication Strategies Using HCI-Based Approach","Research into Design for a Connected World","","","","10.1007/978-981-13-5977-4_57","Subhrajit DattaNandita Bhanja ChaudhuriDebayan Dhar","2019","http://link.springer.com/chapter/10.1007/978-981-13-5977-4_57","Chapter"
"Evaluating Subjective Compositions by the Cooperation Between Human and Adaptive Agents","MICAI 2006: Advances in Artificial Intelligence","","","","10.1007/11925231_93","Chung-Yuan HuangJi-Lung HsiehChuen-Tsai SunChia-Ying Cheng","2006","http://link.springer.com/chapter/10.1007/11925231_93","Chapter"
"Taxonomy Tree Based Similarity Measurement of Textual Attributes of Items for Recommender Systems","Web Information Systems Engineering – WISE 2016","","","","10.1007/978-3-319-48740-3_21","Longquan TaoFei LiuJinli Cao","2016","http://link.springer.com/chapter/10.1007/978-3-319-48740-3_21","Chapter"
"A hybrid approach for personalized service staff recommendation","Information Systems Frontiers","","19","1","10.1007/s10796-015-9597-7","Wei-Lun ChangChien-Fang Jung","2017","http://link.springer.com/article/10.1007/s10796-015-9597-7","Article"
"Personalisation of Web Search","Intelligent Techniques for Web Personalization","","","","10.1007/11577935_11","Kevin KeenoyMark Levene","2005","http://link.springer.com/chapter/10.1007/11577935_11","Chapter"
"Similitude: Decentralised Adaptation in Large-Scale P2P Recommenders","Distributed Applications and Interoperable Systems","","","","10.1007/978-3-319-19129-4_5","Davide FreyAnne-Marie KermarrecChristopher MaddockAndreas MauthePierre-Louis RomanFrançois Taïani","2015","http://link.springer.com/chapter/10.1007/978-3-319-19129-4_5","Chapter"
"Group recommender system for store product placement","Data Mining and Knowledge Discovery","","33","1","10.1007/s10618-018-0600-z","Jihoi ParkKihwan Nam","2019","http://link.springer.com/article/10.1007/s10618-018-0600-z","Article"
"A Proposal for News Recommendation Based on Clustering Techniques","Trends in Applied Intelligent Systems","","","","10.1007/978-3-642-13033-5_49","Sergio Cleger-TamayoJuan M. Fernández-LunaJuan F. HueteRamiro Pérez-VázquezJulio C. Rodríguez Cano","2010","http://link.springer.com/chapter/10.1007/978-3-642-13033-5_49","Chapter"
"Recommending people to people: the nature of reciprocal recommenders with a case study in online dating","User Modeling and User-Adapted Interaction","","23","5","10.1007/s11257-012-9125-0","Luiz PizzatoTomasz RejJoshua AkehurstIrena KoprinskaKalina YacefJudy Kay","2013","http://link.springer.com/article/10.1007/s11257-012-9125-0","Article"
"Maschinenethik","Ethik in mediatisierten Welten","","","","10.1007/978-3-658-21083-0","Prof. Dr. Matthias RathProf. Dr. Friedrich KrotzProf. Dr. Matthias Karmasin","2019","http://link.springer.com/book/10.1007/978-3-658-21083-0","Book"
"Der Mensch im digitalen Zeitalter","Ethik in mediatisierten Welten","","","","10.1007/978-3-658-26460-4","Prof. Dr. Michael LitschkaProf. Dr. Larissa Krainer","2019","http://link.springer.com/book/10.1007/978-3-658-26460-4","Book"
"Preface","Journal of Computer Science and Technology","","26","5","10.1007/s11390-011-0174-3","","2011","http://link.springer.com/article/10.1007/s11390-011-0174-3","Article"
"Design for Values in ICT","Handbook of Ethics, Values, and Technological Design","","","","10.1007/978-94-007-6994-6_35-1","Alina Huldtgren","2014","http://link.springer.com/referenceworkentry/10.1007/978-94-007-6994-6_35-1","ReferenceWorkEntry"
"Context-Aware Recommender Systems","Recommender Systems Handbook","","","","10.1007/978-1-4899-7637-6_6","Gediminas AdomaviciusAlexander Tuzhilin","2015","http://link.springer.com/chapter/10.1007/978-1-4899-7637-6_6","Chapter"
"Automated news recommendation in front of adversarial examples and the technical limits of transparency in algorithmic accountability","AI & SOCIETY","","37","1","10.1007/s00146-021-01159-3","Antonin DescampeClément MassartSimon PoelmanFrançois-Xavier StandaertOlivier Standaert","2022","http://link.springer.com/article/10.1007/s00146-021-01159-3","Article"
"Nobody Cares if You Liked Star Wars: KNN Graph Construction on the Cheap","Euro-Par 2018: Parallel Processing","","","","10.1007/978-3-319-96983-1_30","Anne-Marie KermarrecOlivier RuasFrançois Taïani","2018","http://link.springer.com/chapter/10.1007/978-3-319-96983-1_30","Chapter"
"Towards a Right not to Be Deceived? An Interdisciplinary Analysis of Media Personalization in the Light of the GDPR","Digital Transformation for a Sustainable Society in the 21st Century","","","","10.1007/978-3-030-39634-3_5","Urbano Reviglio","2020","http://link.springer.com/chapter/10.1007/978-3-030-39634-3_5","Chapter"
"Design for Values in ICTInformation and communication technologies","Handbook of Ethics, Values, and Technological Design","","","","10.1007/978-94-007-6970-0_35","Alina Huldtgren","2015","http://link.springer.com/referenceworkentry/10.1007/978-94-007-6970-0_35","ReferenceWorkEntry"
"Automatisierung, Algorithmen, Accountability","Maschinenethik","","","","10.1007/978-3-658-21083-0_3","Florian Saurwein","2019","http://link.springer.com/chapter/10.1007/978-3-658-21083-0_3","Chapter"
"Developing a Framework for Generating Hotel Recommendation","Progress in Advanced Computing and Intelligent Engineering","","","","10.1007/978-981-33-4299-6_21","Md. Shafiul Alam ForhadMohammad Shamsul Arefin","2021","http://link.springer.com/chapter/10.1007/978-981-33-4299-6_21","Chapter"
"Buzzer – Online Real-Time Topical News Article and Source Recommender","Artificial Intelligence and Cognitive Science","","","","10.1007/978-3-642-17080-5_27","Owen PhelanKevin McCarthyBarry Smyth","2010","http://link.springer.com/chapter/10.1007/978-3-642-17080-5_27","Chapter"
"Extended Bayesian Personalized Ranking Based on Consumption Behavior","Artificial Intelligence and Machine Learning","","","","10.1007/978-3-030-65154-1_9","Alireza GharahighehiCeline Vens","2020","http://link.springer.com/chapter/10.1007/978-3-030-65154-1_9","Chapter"
"APN-Nutzungsanteil, politische Einstellungen und Polarisierung","Algorithmisch personalisierte Nachrichtenkanäle","","","","10.1007/978-3-658-24062-2_5","Wolfgang SchweigerPatrick WeberFabian ProchazkaLara Brückner","2019","http://link.springer.com/chapter/10.1007/978-3-658-24062-2_5","Chapter"